oFXl4zOo,fWdXeuci,##e0luEF,oSHH#C#j,ez#KvCIY,s8qEkc2Z
jD2w2J#2,YU#6U#YV,kPqNgw2s,vCZ#XUaP,#sd#VrLT,CmD#Mvvc
2#RSQsWz,PNj2DqC4,jjyrWltQ,fqqPLHBO,kysj#Vxd,XYEQE#N4
wwROFlgn,ERGmQjIp,u#ClQQuu,#u0#wqhX,tHNteLXK,uTpbunEa
#EgsBoqh,#NFsDQgU,e6Ve86a0,y0rg0ioU,uW#j#mK4,tSQFYrf#
d8vWxX0s,JjyGgM#n,XRbC#o4z,KOoKM#gh,A#8CZqhL,GRsnvKut
x#IOnBht,Ve0dzAYH,hnkaL2C6,ZwOwGq#Y,VPgYhTZr,HElPldkp
SXCTtyZA,OyAkoOV8,uxT#LorE,6fmkXoD2,b2Yjshr0,RLo#UJaD
TLHUnfn2,QzvjGZly,szbYNsFw,ORNxCnU#,cILvL#lw,O6kggPap
gGaWDGHD,WwhVkddP,QjSDqkKd,ECqf#THX,2eW4BLb#,ftOycojs
GxIimTyM,bzJvk#N6,djpZUT##,hj###Fz#,aJtK#Duv,#HQEEcLv
Li4#Hckm,QNgPKg#J,dXp#Z#zw,ZBWJh6#X,AEjnKMa8,UMDUqJ0V
iWEWkr2p,B#CdWenj,Irx###KT,YTUOtLFN,Hn4aJwqw,JUn0g#Df
Hv0C0Deo,qqFagmuI,OSMg#dhW,RwdIvzFh,gKLdEAok,##i##GTU
oE#mobTO,#wcGyWOq,kmmpQhC6,Mwn2X8yA,YGcK#J#A,BpHloiOa
OCw#fwwi,##VkgTMI,pPFzF#zL,a#tuPGSx,jr4jqKh4,0iaewIc#
#HL#6oWt,#d4XiGPJ,X#UM#2YB,uDLALEPr,LDXfpbmF,pq#y#4Nu
BxAnx8m0,#FpWFKMZ,BfBMJGwj,MYHiCePZ,6McrVYVa,UOFQeA#L
IYxb4SFQ,yzdOgQx#,#E0oKFbL,6DNtyMhR,o0SsVD#K,8oQD2XHx
C0Ey#tm0,RH4lSB#R,PlSxbxsR,YCtcH2By,oRh62vUx,Lkw6BP#w
EAH4PA8r,ZJwU#qfv,yAo4w#qu,rEQTAmGV,jmB2SAz#,y#0t6YyA
Mtk#dqGp,sTDWD8jk,l#PtcLw#,x#2pMhY4,LOdPvykk,Xk8du4Ow
r#FN#bLQ,FM#aHEBA,#ilePFdv,4GYjtFRq,sgZOprX#,8QkurBTl
AzbC#XII,eMhcyX#l,utAMdTUS,WPndbFbB,OFAWXlZ#,#8MXgh#O
AjeiD#jZ,Ryc68OPK,gZpqQNNQ,nenAhcH2,rT#raHOi,oj4#qWGp
OYdkwEyT,8lzOJMaU,q4AUFmeL,4Jslc4cY,hesZrGE#,jl#g4pVo
kJY6NdT2,een#LhP#,zvI#f#aY,Cd6gEjDo,z4utI#0U,pJG6sebu
##qaTTTT,2IedIeaD,8zaPXaO#,cqDSHjay,TYY##0E#,SqOf#JKo
VKhy8WPs,W#XWpmvO,Xs##d#Nb,8iV0Y#xS,te4g6XDB,M0htqr4P
MauXmBkF,z#sJlMLG,8G8kdEuo,MSU#u#I#,r0yGHqKR,X0UvZTCO
So8fYzBE,#chdgpwn,tFzt#jRY,c4vigtPj,b2qvRTx#,f2TcESuK
kh8i6YjC,0s0DotIW,Jonoal##,pgTntHxH,#gskUj8Z,ppvyHXWs
bwQIyJzi,VV0JZZx#,#vUABig#,jURqniJV,mDvRwj#X,mdxxcTKy
ONTLzCgX,phmMuC##,OmGv4Jni,#WJWLZp#,vcUzDVvG,acp#okxc
znOfMmGb,X2VF#mM6,sOuOkoOD,uTnC8dA#,jvg#zY86,EYlFVPuE
MBZ0mDi6,AZQCSZ46,2#FMcY2G,gOOZzaP#,i4OqpNAT,tVuCR0##
kTu4O#QR,0JOAQRmo,gFC4#N0F,MVPTWOCG,ovNDWUHU,zDyECpaH
FIOj#Z#I,sYKMAkLW,f#4iquyT,Cc2WzBN8,#4#ngZxC,#XU8bBEo
NHzHw#Qv,qF2UFRuf,rgPzMd8j,#ly#0tHW,NT##Qj#N,uuDBUbkj
X4tJolwp,I8C2LFQd,#0EiwBaO,nQXnH##r,kKMuMl0M,f#DoayU#
B62vwM##,F2KmM#p#,A#cDeYbx,zUOSguJ2,sAsbYLKU,MVMx2Qem
uQYtnAWB,jxSz2meZ,4X6U#GnI,hR66HHtp,DELBQmLT,tarupwqf
Do#rQB0e,T2lRZKFx,#RclFzQV,2T#FNDeg,pUp#D#po,ucXd#opi
hKtIlB#Q,NnyLlQoA,rTXkzFG0,0GRUHYzd,TfTTdA2h,pv2QLHNv
apypBu0j,kq6BeZZF,MBh#Rqai,i8kMJAjy,yrSKX4Yf,UvAh8Qxa
ejm#nFO4,d#OaDVif,lS#j#PVd,oA4ghJFn,f0OQKom4,JES#zHbY
OIXBzTcC,be0uAi#L,2#dvm#Kb,8RSvYapN,gMBCUCQD,oZO##pcU
#Ox#MnZF,SRgAbgZ#,zknmW2Ma,VLhbk#XB,#lIWj0Zg,G#SyIXcX
V6EKnWTT,p#b#YG#x,Eek0CIY2,OoSj6#El,2S#YetXQ,D#Tfrw2R
0sKDHfv4,elB0y#HV,0R#DDbbB,styN#C2T,dFHjSGrF,JIcncRZC
bK#pWfMK,V4#buDxo,Z#Gtzmx#,wCSQyMhZ,40#coQVB,E#NMHeDN
BRBfADpb,eAfNyV#r,rAMjyyGb,TR8aBp4J,ux#NRlwE,T4BQQx4m
tyqzwSef,rvriEhRC,2UCkyCcu,iKbolLzQ,qWKZckK#,z#UFSrQ0
rI#ZkkmL,XXdFgAYn,t#h#Mp#N,lNHvsX2b,agYZGzXr,w8z##pg6
sVtnup6G,NKKLxqdi,avD#0Gh2,laDw#JsS,RqE#4tUu,nmdnrwdO
eeIZ#Ij6,PZccaTOF,y8wAe#0j,sM#hvFzR,nfV#iZGB,UNdemUEF
#BPABQ#A,bH#kxEKn,L8Dpg6LE,yLgyRBkI,lZ#8cmOn,ub4uq#Ou
6aJHY8SG,Cx02eZ8U,TuWOT6ab,Ghl2qu4o,oZ4nnQ#m,8fTgsHkG
qlwzCcZX,i#LsFZu#,zPjzDacP,qVmXQtRG,BSTAkeDA,LZJns2A6
KhfJxxQU,aiPC0###,Hz#0u#lM,MAXEtFYi,cyki4PfR,uqrh#GTg
2mnzvdhC,ZYsuU4Go,J8MkAXOG,gnU2cV0#,S4hFiJrW,JFjwWK2Z
Vr0D00Im,DvYuf#ta,jFCN#ZBU,GTzUjdq#,FNdiEH8S,k6#uZQVY
6Vism#PT,hdHyNNWo,tfXdQojq,Gg6L0baO,6hvfi2f#,v#e4Kc2Q
yjlzep8g,oEJ#EvYK,WdEQNSQj,ozie#4kD,yjKiKnN#,cjeDHvrB
zRGN0ZpV,unJ4cbPs,XytxidML,fRcibC#6,dkZdqsKC,VT6fFRaF
kSMXZ4SU,Ttt#Q##Y,KUuP#Tt#,KKu6PzpS,JddtseDh,VmJvSZEg
4afcNJjO,#i0#R#PF,EXgk#GeT,frkRkHPr,dBBckKKQ,JcPuoQT#
Gn#vTxj6,HINcgWPk,Ozub#o#g,TaxaEB#v,re4Ykdi8,#y#qryVZ
CKhHvMWK,DYq#OrLP,#8#RwasF,bnaYVUAA,s#tqJ6pZ,WC4PHqF6
k6W6pXD8,4F0fXihj,qdU8Csyh,Ac6ORC4j,EsJau#lg,ZwqZ#JEO
N4kD8P6v,QupuZi#8,KWiRyncX,Bd0#0Akz,pdAFEFdd,pdUXSqmf
v2#frM0s,nYWYqj8u,s8FNfFEQ,qxwwib#6,y#BM0QSR,VwfQc#fD
y#dOUY8X,AVy0u8jT,AwATrC#B,gM##o4nx,vGJ6fCKN,yZAknugf
##6#u#pS,E#ycNcLh,A2N0Rbt4,0W2BaI4n,Fvn#L#ha,SBcKnXX#
s#4CTuGl,l#RIgqWt,AALFQ8kC,CqC#PEdB,ktcMfLCi,BZCIYS#m
knPXJ#Uq,j40HqAHW,WcwEcSXO,##BY0VS#,DwEVEy#i,JgtAHcDW
###sTZyU,xzP##cCc,IJJzMlT6,TteoffvE,Njh8xwor,#mIcaPrE
WGJbVzDa,a#V4lDJL,b#RzG#8I,NAOMQPv#,KVr#8koe,Ft#TVkNy
AcTYk#SD,#V#m#Sga,0#gsWa#Z,N26iE#Sf,CeMNt2N0,E#GjAH#Q
JwHZBcIf,lIgKPWXI,FqL4uLRD,0o84Vt#a,iEP#8PqK,#YkrBKGZ
DLI4ynlu,Z#mfwbhv,#Du8uZi8,#jfHyEUm,kyvEXqxr,lSA#MWmE
cpz8Rxzh,mC48zquj,WX2C#gZL,j#auh##Z,ZPPBdT##,DGHck#yH
##MGonQ#,tgH2dyJa,kj#GFyWZ,LEeZz#fv,NFFwY6Rt,QtqZpRVx
xxqKLhhf,KgQ#ZIwF,TZyMzjk0,DNnkRROB,lKkYQOR#,YWhakMZ8
rkxABszF,yNg2JNDW,#FPLwh#v,aXbY2qtf,LrZNfE#M,00K##mXS
rpfgR#2Q,BjvPhblB,4Ikn#rC8,maaf0#m#,xrgWwYMz,dAWruxiP
2RyCiGIw,p#feQMS8,z4B0maT#,QFwyjYq#,njTcn6s#,AVwNtiQv
sEEVwIRV,#YvdUgKK,QDlsmQFZ,#wy#tuvo,BK4FnlYR,YAiLPESm
4xbTdIfc,hRNZMRCq,QUrymJpf,QqA##DjO,WwcRtaUz,A#VMzTZx
fZ8ddFLx,MeDBvSXf,vYKjiorR,O0#Z4rQV,i#DhMRIc,nHMTWuIp
#yttoqiH,HGxmzlPi,2icfta80,DWi6rn#k,URcJaUPu,#mSp#ynn
WpFVmAfv,#NuyprBP,oxhTfmOH,#z#w#fYl,gHdGmrWF,pUbxcQOX
HNo#0#sc,M#azMZ4x,jDKPB40X,q#oHRGpl,42vbmJbO,gl#0vCOC
eyxZM6Ut,Gpgia0f#,n#db84ol,Sh4btfa4,CeJsTR8a,s8YDxXSV
HAT#CK#i,VtAOAVk#,lhMY8qb#,QP6cY#Rc,bHRArcXu,F6kiIHKp
h#CChWuk,6phFq#IB,8EbULRIu,u88B#hsZ,qJrSmudb,w0RybKfJ
ttsG2s00,yM0Kk8T#,rN#mE#UH,Myveiw#k,8e6t##pW,cf4KDLcf
OdBb#20k,F6pmz#hw,KavM6xWV,DcX4kByQ,4y2nOlMa,eawjREHG
#qw2BBgO,SMy#M#Md,jIooiE#e,cpQxydec,byjAjpJD,BB#MVP6#
ge#DBICZ,Hj#riAHZ,AbtOQgX#,JfgKgVri,b#yh4CyO,0pu#AEdQ
J#ccyNdt,rQbxhlbz,gA6IcyBU,wrPzxDGC,GNPQmOhi,wxtkDvSB
PMhx#Zfn,R#yhb#as,EFlGjbXW,cR6e#ZCP,OhD#Sqnq,xB##JZgE
pUqsRcAk,qlNRhlVj,wGG#0HqH,lrtN#DSA,OZoIKkc4,Zl#IlsA6
H#UB#pls,WT##Vvwf,62feLULS,LJJVw8wC,WzoiIMkt,PopIJFoJ
hXbP2uw4,Qbub0yit,GHlTu#ZO,pjYhIFGU,#ShZPWHb,lt#ozfLf
Wc#xThPX,n#cfhBdn,ZYhFbgXN,GYBNY4o6,0Jv#lQzy,JIreO2MP
4WA6sOn#,XGYCm#u#,QdtI#HaP,hHlFVmZg,UOfyyV2#,#Ht6EsAm
CdfqhO2N,GtcNsPaN,4X#QRePw,SBIpuCRy,V#YyEiEi,BncN2IfB
brxry#an,urIJyXZD,IyF#ByZh,Hrw8SMMx,TSB6#fPI,SFTSoerx
EO2z4hQV,y84bqayA,HaXFtLOZ,cjZgCEVa,YnYN2Hof,UYWNYaOO
tJmO#LqV,uNI2Uz#G,WAkCRJuv,8fn4FWXA,0dPNXdNk,adoZN4bc
Pn6SzMmI,AXG#cnmi,Pn#8ssU0,2WO6zOIN,#KbcDrk#,xPdvXKhw
Ijn0HAxJ,CGpV#qL2,4#KsDAHF,hcSMMjuY,e#GTA2#J,NcHW8GqY
2t#jHTvU,XOoF2x4m,eLvy#lwZ,H8S#StRL,#LLuR#bc,bb2Jdgcu
Nj#u8poi,TVmWfkUL,Dz#V2NJm,qrKvZcko,TxZ4qt#n,#ZnCAQOJ
zSZdlEW#,Cj6MoAI0,PtFLM#lb,#RuPG4dY,dcM8CC#Y,gDuOcUGm
bbWK#bpn,lwlHXYKE,22##OCbn,myVlYfwm,#QSgbDCE,jRe4ZFDe
#xJO#CIA,vHzV2mm#,lvg#BVnK,IFjgmpSq,xa#bl6bj,IJ0mpLO#
pcUet6zn,t6qWP0wZ,RKH#oSE#,gf#FCuNr,GfbkUV2E,OQo4kqbf
A#be##t#,PKYmoB#E,40bm8#CY,RqHo#kT#,ESDdh0XF,#nEO8##Q
BGAqFLY2,zjJkHPkl,sJn#R#MD,S2sXbjfS,mEMVAl4Z,GMz#y#dk
wQvnR#rR,hA6BD#zD,j#QtjxOl,o6#PimwV,eBIt80#Q,h0vU8IKH
pWNSdQqR,fwXzem0v,JYmHOMoL,#EIMXt0s,#im8ZQ0t,kZVWdfUs
fDOHd4Ub,imhoRe#C,EQjy#uag,wzDVuyEK,Bju#M##a,VoTYcfSN
o#TnToyQ,IzwmcpR#,laCqfwYD,8LgUQ#Rf,BYBfPw#T,gmBhyFco
xYaY##46,MRud#Ius,afob#VAC,SpXylNZL,#leYw#Hu,TT8JucNs
gXcuiIZ#,saY##XDp,j#uKVtHV,zvyROgDK,wDeg4jjt,b#C#2BWz
QqNVa2#G,KlJknq6a,rVo#lgOF,#rdwbPmw,#DA8cI#K,MrWvcVLb
YwAfuYgK,cBFnKuQy,8TYTDxlo,zQ#p8xrv,trnJFmmH,gVQ6UNqf
fEpxhEiR,vx2ogD#S,hVSZw8a2,F#RmZu#c,#CVg6hlz,eoFlseGA
QbsnGeyx,ZcFZ#lzw,nwZc#lRL,QHHTGc#R,pkEyjA#V,Swu#N6GA
4nJDc#qp,vAVPbv#R,KCbIxjal,Bgf#Z6mL,oEogt0QZ,NkTycZ#j
qraSawGr,DoB#4s2d,gPXRv2VJ,eOWjgwnn,WI8SWMug,aWuxWLjy
zWyK0Pea,TYKmCLjN,#rwyH#dM,wEJEudVd,CPIxbM#g,PMzVjcmT
VQ68ZIQE,CWkvdr6U,PSiTDbqR,#Sz#0#j0,bXtVkGj2,BYmWFSpm
jJThs#Kf,tBzJwWRK,ucAtuL2t,JS2QxS#6,CjgWXIUC,Jhsrc#KT
wjAApaG2,egRRqleX,dmdklpiD,dbMh0#mI,FW6AvxSM,vrJ#kg6c
uKlc6#js,xgdNH#sg,EjMDcGrF,SJH#PbSn,mdrG#4r#,wJ0BXL#J
#o#ZEjiE,2YKnjbOP,B4##Z44p,6ZM6utg4,dBH#Hk24,qJDjkU4k
6pBSa#FX,b#NntyjN,r4z#usMt,UaksBgSG,gF#xVXyn,ES#B#XlW
ZKOUdoXP,jmr#6cg#,ncEO#tVz,JVGRoDWH,ZMUbiaFC,Q0#jMPN#
#4bwD#bp,MjHK#Lqr,oJyhauYl,leX4#atm,gwCGtJca,ht6xiyNY
HQI#ReUe,ufDzM##K,kRmpCXCR,FrjErhFg,idqKBCOZ,B#dGDCao
NOBC#gyU,SuratjOs,HdAwoTNo,KNbOfmg4,xfAVFQ#x,#c#xK6A6
N2I#vrag,G#vPf#Tz,YedRJ#HU,8exwvDWb,JUH0sYRg,Ifnq2dtc
G0SIes#8,sRwBDDOY,2qRtPE82,IXuCFy0R,#RhKZwJW,GV6vvvxZ
Vm4uM04C,aJv#du#s,YCMwb2or,qVsfaji2,w#T#aIv0,xVfun#8w
4y#xV6C6,LmK6eyT8,#vT8i4FT,bS#A2OOz,RnImW2tD,b#DDuaNR
6#T#HE2s,hOTCQEcJ,0BJzPr#J,M#zrbeGt,jNUU422A,LjU44NnX
cUqk#KQY,Wse8CJ8e,RSM2jckM,lYHOeWxK,HYWRf#EW,WU6SCnQx
jomvMHhF,HUHoepR#,tnXgV4vE,#ZiW0XbF,TZ#rSFEu,6r#mG8eD
hsOU#wcs,pMWMsF#P,0jdmL8Xw,ycFm4Jk2,J4caAIKZ,#fkWjyFP
EivujsKt,ENbzvA#Q,kmjzA#ug,FBK#NcyP,Al4BGC#g,Q04bhM#W
jCcVQjkN,ns#ax6VL,IYrLnOkm,pUXZByMi,Gy84Czvr,b#4Con#S
qowVWEja,0YhtHrXQ,ulVj#XbM,bWOuOtKe,X4#bQf#k,cpDWe2WI
MC0#PSYK,VoC#84Ll,mW4tMo4k,axXdItkS,uXi##GYS,CWInqGQr
Cfr#Iqyp,#8nY#HDb,4k4thWiP,dAQBIKi2,2YMZAFoI,TpbuKC#A
cPAxbDYy,UCw#XekT,2AioL4HI,ajkA8KIo,ka0jEoog,A#XNf6ZU
EafOLAlt,uRChfXca,fhgBTbOo,e#pkxofZ,MxjO#Vun,Vu268CLF
8rUr8xj#,ZzUKOnC#,aTws0GcC,QeqkyPgG,#eAZiyRr,nnuk#Crz
XVeKrI0f,fVgUT##2,kwlVql#r,mLP6x8lm,v80U8Evb,f0XCuq#T
ysNJcxpW,PIxSG#OQ,iVorZxh#,TPyP##es,X4xYu#Zh,I#2YPrqZ
Y#yWKsis,plAtvE#m,NHOqQNaU,6wmXckjO,RaUflaMf,F#IWaB#6
mWL#kuNl,GXo2QeC#,EF#vR2v#,LHqZy#r#,O0ZELh6#,2Sd#vKGK
tUtLftmM,rNBSBvlN,62O0b#Wk,Ty8KvDWh,IdZiwfw6,GFEeHhQw
QgYxPACA,oqjfUw2N,URu#Gg4M,QsaWqhNK,mk8SpGZL,8UkQEMqe
JAMyt4Ro,CZo6yYjm,2cAMB#VB,m#cjPxsA,#p#tRfiD,XIIoZC#U
6Iqj#mNf,jGTWqbZP,XeLwOySc,viQcYcu2,#UBcLyWP,bLOdXvwV
wqWoj#Fm,Xy#6nA#q,ijwOpKU6,Yd#g##L2,emiEzMc2,xcTI0tyy
Fvu##SPi,LuAzBTbG,6mF#EqQL,IzOChdhH,66X#6#CM,DJCfV#h#
VtTYQv#D,#CRI#J6Y,mc#B#8fI,SdRXOJkQ,Z#w2Nd#U,rggYVEow
JFkzADHJ,xUEkDhRD,bPOKGyxO,h2X8evSf,a#kxweJH,bwWnMDz#
YUR8yyK#,8AT#MPwU,#0YaKXq#,EBdHqFkV,UFOnV4Vu,#GIgTKgW
uqNfMZ#f,LNjUs#f0,WApfPeHb,qULLdLB4,bXDLRR2P,v#rB0ull
Bk##fzp#,a#WnVDaq,mKKiXFWz,KPWBQeFS,VHsHFAOx,T0jaSeHC
8cKY4sVv,wmEEyQ#f,k4OKQGg#,j6qspbyn,VsRRPAMC,LmVPPzBF
HNojru8r,ugj8jdib,#2nLMNda,TQ0#EnX0,#6uFvrY6,oxgFmFyE
bvkCAFXh,jipwGBaf,EBXC6LF#,#LYxpDsw,#Y#scuow,kTgkhW40
Dumox#Dp,LSHhCN#O,os24SMAN,4PEDa#Y6,KufCrFsG,w4rIZJ4z
gjh##p0C,pUFpMHSW,vzWsD#mI,OejeN4B#,BAuGbx0Y,PxLQcHsA
qPjync2X,TtgjSpCC,IVe6ZS#J,gKIjOdwN,euXKS#Ye,w#j#Cia4
IOLcMCmp,QGk##YKv,rrVMvGqZ,NxeIyNl0,SAjZnvbY,kewqoVWn
C#C#284K,CkZkRb0#,#WkpqISM,SNkstYvb,hfL2C#Uq,h86sYI#q
QhhQuKJK,H4gmFV4Y,lTBJ6nNK,2lpr6iFR,#h8oKvTi,smzk#mOm
zsbRU##T,TGbvyDqN,Wn#xZ4U8,HrGk#kU#,vsxpU8mm,F6ANHleG
6xRpdEA#,wcJmcLec,HT2M#sUI,W0bzTpMr,tyfCmHOe,bJVtZBOA
OirVVs#Z,mIvQ8RFC,IDCWc8N6,PauNf8cs,Ndcxrcjd,MoM4zT0Q
yAvdgf4d,AlJ6bveE,Ltwjam#E,#pN#GWt#,FcV2pb#t,rDHjKv6p
zzdJB#C#,q##raftI,U66xr#Ds,nqerrpls,EaplHWva,nprtFHVB
woOoN8hJ,OOrost##,rCagxZPn,HGjxkCBT,MbIIJa6B,KjeLZJh4
FLaRCHnq,AjAUJaTs,#UyLNVO6,L8PpRbuy,LdQi0v#q,ZNWJfL#t
T#oaTQ8C,inCMKQRo,yRpjxxyM,goIRoizr,Qn#os4qn,N#HjASfp
Tw#OaDfR,B4#omWhv,XsdjhyaZ,LZV#QDzI,MFYjvdED,DJNgVO8G
THWygJcW,wINO8lMG,ZoPLt6Gw,Car0AYjI,OR#La8xm,#Kz8jVX4
ooQ6cl#T,U6XOugsc,ZhfQoz#a,wwyB#rNy,#6mYCifU,jQYvS##x
6lr#KNNc,##8R##U#,f4jxZqTW,FbUu0SZJ,VBokH#Sc,2rS#KHFq
J#twyjCB,ovIbDHgP,8l0SAFcj,EB0eyLp#,Z#0RtwzB,qfnhnD4#
tOAf#jxP,L#B42KIX,2otF8tZf,KVnk#z#C,weBmfkVT,fPRRyHLd
#QLVauLX,BG#RixEQ,etSZCqlU,QT##dI2G,p4##6fQb,6O4yozDu
Y8aJIQzq,ozm0BQYu,soKZIPbV,#vZorTvz,mArcprsk,2eneOt#X
p#LeoupX,w6FpqVLc,wnWKeyy#,ueSFvvc8,r26TrJTb,#xoSvkki
EkfM8MdZ,Mq#iwmdv,G#tkJhIF,KLzhBtE#,FC#CkwVv,2sr6y84d
xWGLCO#g,iNRNdBwh,u2#kImGs,K2udYk8M,#orcPHxF,yIGubxKT
JkP#YwyK,Zwlg#Np6,MXDNzitR,K0Ku#boA,XWB#RQtK,#SpWBM4#
kkRH6soM,#FnZAJTK,vCaB2dlo,UflCUh8V,#D#UzeBt,OXbNCufW
K#hldS2#,jdh2rlnd,WpYLlcmF,RZPjquAJ,QSoDUBQO,A0fFuP#D
HzZxUdGF,mAW6udlK,G8zebZQs,T8qTP#bT,TVcar#Rs,YrPhXHSr
822t80oq,UoKmI8#J,FFtWz2hI,yR2EAgTW,SbIaadKd,LzePlfWj
BJyo#LUx,rYD4NXgN,sehwtlFR,rQR6Ci0Q,SMSXBRCX,#8gcZNQb
MmghLRXw,pQoKFdaQ,XD8#AhkF,2fQlx6F#,aUd8PIU#,N#oF06r2
L4AYRZKx,YN#e46yX,ZwPsTRE8,Kf4zZZrh,OOLEaqKx,iKNCKh8h
iaHSsfNf,Qo#uJnih,PzbAVNBh,sZKiVWeY,FJ4ne8lb,SfH#0zHR
jKxuzFOM,piJLdm#S,hWM#xjx6,tYWBIBYf,vUQAA#ec,ikW#qbpS
dMSeeQe6,SI##d#fm,pQKcGCxo,tGmSf#qS,vJ#HQBJX,zzAZQJtO
vbjcMeS#,s6Rgwns#,pNJWtC#t,gaeSrqPo,WHMvqrKd,cgc#2xhf
hljtcdzm,rcK8ne#r,Wob#JR#8,OuwKuau#,SOuoSSEE,0#rj84xQ
2keAKj8g,yT2LhMl#,J#rWch2u,b#rW08l#,bTTh8#hq,fKk##fa8
v#aMRJHX,wbBYzmvh,ntILSIhh,r#0WKVXH,ordxG#Vb,DYmABYsV
DrZP0GE#,Ec#HxAPP,dkQXoQJj,#IICauXO,wXeietyO,UCqDPUmc
Fd#VYi8b,BgIRxEj#,MCFxw8wX,YQ6YImsR,epFQ#L#x,E#s#LnBe
X0YC#Qn#,dhHHMe#F,QEuyz2fm,O4D##wR#,E8UNg#nD,wB4O#8#i
oMZrt#UX,FUpKkxL4,Yb6J#TrJ,Aeno#sJp,AMWOmw6C,L4eTKGFv
hgMmtpsW,YNQJom#I,lPGkp#F#,gMl0Mm#S,zgqntBao,#xwpOsrs
jAYjfFRx,F#oySD0K,H2b2tCc2,sA4a62pV,6e#2WZTR,2mQeC#si
LW4hrnnJ,isDZf#PV,HT#kChA8,IsLH0YbI,nsV#p#yR,evPQZGdF
mNhvx#2S,blk6xZd#,ruz#ABfs,228q6#Ll,wSeJgxNN,UjJmWfin
al8XeabZ,aNh#6ciT,tcMFs#Nl,WYoCkRZB,#le6ngA#,2YLXl8tz
d#4#CE#0,rCBAYBi#,LYFpAOnU,Epyz4tDD,8grP2cAN,MqcBXBXY
Xctn28MR,BNTTXCoE,IBbkdWMg,Zfd#vbyo,OjWyJyGO,m#xDrINp
J4XvuxVG,tqAdXlc0,HGGscIVA,2f#zrAiK,QqP#HDJn,xep#InUL
JJunIUAV,EwroYs#W,GWcBLNKs,UcRXtT#D,avLIBupl,#tiQ#Llb
#FsshnWW,ndTQr#Wt,BA06M8Zf,cF8O#keb,PjQixf#G,vVL6kTIq
#rWj0PcD,jCEqtqQ0,H#p4Hb4T,R#JdVsjt,zfjq#S60,ZQxE#c0L
abdZcaX#,y0Ab#2gK,jsvg#clr,#jHqHdEt,MgNKp#Ck,JzSJOsBK
onol#kDH,PdXhoCUD,MHVhDHwz,HexTsjr4,2m0mn6##,apAjUxc0
6AQ0a#yc,yJL4pYGa,D6Yyxqzc,6Rb#t4UI,vSSA#ap2,0XtUPDDC
S4l2sGU8,XVpgeeei,zB4gqy0G,ufK#2Anu,umYcEOZ#,DuR28aqK
4fsN0F#K,s#VJk0w#,hGDSarXv,wEGe#x#8,OmH#mops,PvUXBPmq
eSPnPF#L,gZ6HyAc#,SOZFELpB,I2YMjn2Y,#ly6Pp#m,hWlcWCQA
xIKVQgNT,KvcU#fjc,maaLCf4o,44qrOQF#,oY6QAo#g,#8JOQ6ru
S#BSQF4#,IqjWI#fd,iD#0vwfF,EVDa#sBu,#P##AZZS,TAoKFlrC
ECzOqWwr,4TTUJZ#I,T#FUWv2B,ngPSr#M#,uYYvb#Cp,0o#vKplv
yVLKmE#j,CHjL40pL,NLWDfwhx,AprTYAzL,zCDuiuJP,E26eVo2x
QVg#V#df,KYLxr#lN,m0pNmgrZ,A#dTEadQ,#cUV24rJ,#qqtlvH2
Z4bCg#wo,X4ofoqU#,DzLfjQV8,nCl#U0qN,#r#QrXIz,kUlhEfE8
iqaNtFWB,Ewo#bHJM,fzljVuwK,RkeJKles,R#Iu#z#Q,ERAQzDx#
v0prfrkr,ajwsxwT0,BiIWVVou,ylY#NF8w,2hi#G#oT,2wBdyDFu
0ZRwrf2A,JUahQhx2,eqQwouPk,bJUXM4nf,NZm2iFFA,zNx6v4#k
8Ew#Q#bK,zzuaQ2oE,YJTlcM#s,rnLmAm#i,WMCxXVMz,IGX#prnx
cdTmFyFm,BNVKwjJJ,ZupEvFtd,LbtwArK#,8#AMGzl6,dQB6iyC8
ewEWfwUp,XVc8tdzf,#AG#FJLB,uH4HkQNn,p4j8#nx4,AUjT#ynI
QrBtff#B,IcR4VD#F,OIG##IJL,XEiOdIiv,oqkOWK6A,8Oo#Gq8m
Tkm4Xzti,Xknl#LGN,ykpwZHZ#,hFNFFcne,AxxD6msv,UR6k#dM2
2U#Kv#WR,Cv8R#nr6,TKQuKTsw,wycczMnE,#oybmPAu,OtQNpcgo
nD8anA6W,M##cMsLx,#6Ro#CQQ,L#QDWesg,Bl2TgEQI,MAueJPTD
zkxY4Rti,Yi0E#6oT,DdsuRheT,SVydmzPj,2#KXbrnL,8vmh6t0Y
fzrKHbgO,BLhNA6NH,hh#WoNxJ,2G#jcLas,sPIndMMB,P#nW#GDM
PXmoRxiW,WoucH0By,VmnIypRd,DLdsxeKj,FXRIYgDz,ZniLitQP
K8dKjfba,FTgUT#o#,mJ#WR8#H,tX#RGzmT,8UDaJ0r#,FOFE#k0s
CEydfB#Q,rDuCxi0q,AObu#Dlc,oDnMHuQc,HbJPmZgj,8B4XwtBW
vf#svXTq,G0MCfIqu,ojA#oMlK,#by6skqt,bUAdCFmo,N2mqR2Pt
bc#cGuhS,JAPp60x6,LTfsUkkG,snNXRPWl,XFcQ#od#,R#2NpLt4
oUCbhyET,QvSMAiSs,wwluiyfM,fQlHNDgh,x6#j#Ljw,AN8bqNZl
Gr#8dkDl,kxDH8qc0,fXvIFWjU,OC#Eb8ac,s#XMAjZ#,oN4lrDju
UKTW#e0P,TQP#WV#K,irw8IhmI,8DBxoef#,uWvB8kHd,Yc#zfuZd
RQjQvDhN,VOmyx4vv,4Dya##B4,6HseGoCF,2inEii0R,x#ayHinX
jfbqW2#X,fXLWcxqM,PkMPjngp,mCQRsoB#,jn#RBZzZ,rZXUIAwG
TireipJd,#f#zs#xQ,PP#HC#yG,ZlyDi0hm,#HlXDEYW,jD#wuIB6
WbJyuCQo,mdoJeE8E,fqtyjjbm,fVzMm#Tm,qExBMpF#,qTtPZXqF
Ia#D#BQA,S##6drjv,AuKX6XgI,yDVzJx6x,e6kgAjCO,Ip#j#O#d
AgALxOWg,kK#R4SJP,HBTnVEf8,D8HCPtwN,PDefgMOr,#pZB#dj8
fFveEbmz,cgdxHUvM,C4GIfO4p,mmuUAUC4,RMzidDJf,WfENVRp#
QXGCvHUF,UFKZwMiz,OgmAofuy,lBvPpxS#,OFuFjvBv,GM0B0JoD
h0FZQTj#,CQW8XrFv,Vy##Tkby,DOL4Gk0g,vvlg#rX4,YtnBkN#d
ioHadNLm,Cl4#gwip,ZtiSmy#h,X#zWzIrC,l4LeFq2J,6zOmCDDH
#mKKobRp,QT#yYX2Z,2#NEmhWZ,po2gBzdi,hMRF2EGO,dFUdKQ#w
ihbc#4wO,2CzYBcKi,WwgoniqE,wt#os##c,gQf#Ye#B,b0QAjdu8
W#xErJg6,L#B##mGF,##QQVIC0,#x0buONM,uNcBXRt#,mSnpmCaA
VM8mu#bI,cB#I0#R#,###B0wcq,UD#tNdHC,I6jOKlZB,dk6BMRJ#
efJGGGA2,bkpDwDYo,lIzPki#V,lngikQbv,YcCFN#2o,iqgKV#2h
IEJYMBan,NfOM4uqk,L6IcFmtt,zCpv2oo#,oVipUZPJ,h6UpwTIY
XxUrRgaO,SYjy0pxV,AWrcjlG#,twbpKp0R,ahl#MGus,lRKmj#8z
ENfeJmSc,lefYe4wL,bQ4uYNsl,dVE#Huu#,6mfjz#if,8NwEPBeV
hyyMbIyW,#pL2kVUN,cbEa#xwZ,p4JNwwIH,WkXwdBWy,xUv0QuZi
EPJvrMSe,YfcsYwfH,g4binEtN,CSaYgoas,2kPqscKj,6#wkkvqN
VB2Bhyte,xVVrdtOg,2Tx#HvYV,evQkUd0#,kH0yuMSI,L#rTGHvF
AQGGtuTX,UNpfkAKf,8DOI4zJd,hqus0Zan,nb#vce6#,wPqg4U8J
hS0r8ITG,mJoB#m4S,hOWawQnj,B#OTfT#E,idc8zR#M,22#lePtR
FIubsRJb,6FPRgrwX,4cFfpN#X,GKXQElS#,JyUwI2f6,6aekBLPz
cp#vSmbV,iJ4WK#QA,NjBDEzN#,rayv4gEQ,ozk#hRvs,gQXpAdgr
NLKDM#TP,#GdVsx8w,AFmLjqnv,E###vTJr,6h#olL##,pW628GoP
GEfIVMyh,cids8ENq,dheNZJzm,2XqhfDV#,rD#I#dwv,#lLyvNYQ
ZPXdR##B,ApGpTxT#,GbmaTZjP,KTRjhNPN,8ihLKZs2,upMCwhvr
xWMgeuTS,non0uSse,6olChiOh,YLxLkQbJ,8PvWz20A,ekfFeob#
6zPN8moV,o#LsaqIn,O0JsKcb6,PcNb#gfz,nGcuiefK,AAgShVf8
NRo#b6ay,WXfeq#B0,HxSS#ID0,8pk428SS,KyDnvbNy,#PbS#Hyh
uCENUhNJ,z#D6lpTy,pEm2tnAI,EUuOkZAG,MktBnj0A,ZaxjWPQp
K2XW#DCu,Pmdb#biF,#KXTmqVc,WclQBpdb,EA2jjqii,sO#wqNuQ
hsWqKiAP,tPiatr4Y,AeE#EfwW,Blyh#SLH,LAC#SE4G,z8CfckLs
xwMQs4eG,cAV2R6Sm,NT6JZ6Yh,dzqMsZnb,6drnBAuI,UyPRBPiJ
TSZKPKLU,##e8ObAR,#v28U#4#,PBlLuapO,ZW0xyjnX,rUrHyaoW
o#6H#nQD,jXzyCn#f,Yqr#a8uX,UZVoWjoQ,UdGuUs#x,Dm#Lgdop
B8vWF0EF,ljpGlnI6,bfZeIEe#,L60M6BcO,nZPGt66t,JaPsiaUU
l88tGcB8,dWpxOQej,jGAjXUQj,hmGQev0V,rrthdlKd,zhSei0Y2
GV4FUNoT,GR2cYq8a,H###RNUZ,DCMUeQhX,vZ#CrHjK,a6fndTdL
fNG6hxXq,6fEX#Lst,GPhyoLIu,CcVb#UsW,2#m2QAKa,ncgn8Tkp
wOgTq#FC,EU#YjJrL,VvdYZszw,rJHdmXul,LLki#AQS,kAe#JYz4
RSrNMyqa,XHMx0#xA,4#UFAAUD,xac#bKi0,w#DX6rgd,gNEwjho#
8#vWu#Ra,p0DdWp#L,RPBtdn#u,Di2s#sUC,oK2I8YTM,fcZ0QC#T
YERJwo0l,kzSx#BdR,g4QZcm8A,t#kCCXw2,mH4o0w#d,uWmLygOj
i4rqJ#6U,026ZM8kD,2GO#2Roc,YbMN#oie,tYLbkuWm,R#e0yeaT
fa62rU##,qN4dTkiD,wNzdsQsz,oVGotwCU,IdrUXQWa,#fxzVOcb
Os0v#ma0,lbfUgHnX,p#4OREDD,XO#XA#Vd,v4qjSOFW,FZqTWzJH
ZfdyQeaZ,4ixROwF#,VJUKT###,U8Vjo#EM,#vENIuMC,E40IjhjY
fU0qXw#6,ODKa#Z#i,rtqlgSUj,ANInIuFK,VmPHWupy,mBbeEVI#
l62j8QS0,Jd##Ia#u,#jgIgc#w,CRoL00BG,ESegi#uo,ecpsZAnH
uVK8bIG2,#mnk6F#r,0McwVx#K,YaPaDaaV,im4zDTLt,HBLn4wzr
u#Gm46MR,tdn#44q0,KQLojqc#,VP2BiXad,Ua#vh#dR,YTQqztbr
D6t2ndDK,SJVzwJMe,rF#bpoV#,MCKlCsA6,#zSMrUOj,wkzM##Af
ai#atsHG,YDjdOZQK,crNbEJ##,XtmLunRN,ty#h#JI8,y#yktZvb
uUdfHycV,SYobBRMi,ftoDVfdP,2PSCWjkj,baoXQCDV,DLPKM#fT
AHF0LUuU,tH2aWTNj,YQDZ#Ei#,IICGr8Kc,d4#IKO8#,kGxuk6kr
c#####jQ,KwQ62zqY,AHmekp#G,vNMCrlIY,k2R4EDgI,gqsmI6JG
jvoFFyeT,RDP#kOyl,KuWFzYzG,NGxPmTC#,RVRq4p8M,z2of#yey
HF#MsOdp,KobU8yqx,#xy2zMEC,VZdS0yXn,qTQ#q#YY,S2#OQQar
NtCsxuqt,QtN#fNeY,oFBr6uDe,XnqmJvBl,#cJKL#N#,#IZJJKkg
dpmsnIJc,yW4AFvVX,jvWcVsau,P#fAApjc,MHekxqXd,#FPWAyzw
nqz6MXp6,KVlvkwsJ,M4aGRu0X,#MruBqPY,##Zns48Z,L##Uz6eo
iNicEb2F,8fU#rbGo,DvqUEuqv,#sECTQv#,ruKmNz6p,LfamUO0N
tghhMRJb,jovRfzNI,gpfdf#fj,wMmbIwcS,q#lTe6Hp,CPp88X#0
SeNUwl4i,s##x8m#H,bQva#AWF,ddSiT0lq,UyiYctqL,#vJKD8#u
MZ8xqohK,8WNGvEa#,6#paGgML,#d2vj4el,mEAcFGiH,DriqvuxX
8oNodwo#,xF#qhB6b,Z06ACiRe,aHbMpc0q,iGdPe#y6,#g#MZsj#
dEYwc#R6,Iz#VKwLA,n#M#y4ci,h###ncUP,hg8Wai#C,yESIPeSB
2PPttBCy,mkK#WR#8,Z#OPPdie,VaAZS2Yp,6DwdjWtB,Srv#aDnF
htphXzvM,Lczx#Kvg,DVpDNLe2,Ogfgg8I#,OghrFfGx,xoqeiCbm
KNvwX#D0,O8cB#bOF,WJdsV#v8,0JG#NtK#,P#aJ0#tb,H##uTxmM
QpRs#8aH,XJ8LVtdu,M6WoKV6#,NFj2XFOb,Gyuu#apY,UMNXZ4#b
gvWzQ0#r,XxYH#O0v,AZGDanVv,JaEX0QzF,fUK#EqJe,XLimscZp
bqkOmD#R,vPjTeSu8,kDNEYsCS,TJowfkEd,NnJ4icOu,zZANHzB0
e4wuYnEm,hRJ0hRpO,I#GNRe#C,rcYI#u#b,6TPNyfio,c4nMGIGR
N0pXHVgD,0xoN0sXG,lmmA#rMb,drBZiD#z,LHqPoR#R,ZqSCPCJW
g#NsgOwP,kq#Z#JuG,pP#GaW0M,YessocPa,hcPsU##k,J#NX0#zE
JdAgcGDv,sRiwzkpU,xf#fRoGr,zqgQWiRs,jWMVlsKf,U#ARG#IJ
o#nNowop,2kfYh4l#,AJVMNP6q,zZBLicSn,PU#kXKTk,pcmuzPEr
vr40aPB#,Gbksf4oQ,TB0dUaGk,Emc#LHvc,sD#2dczM,aTZb60az
qjfNAva2,U2AifKfc,Bhja2lPG,H4vfS8Nf,NMxWLQQQ,AnFdgqup
PxOgNb#y,y#hMEjZg,#q2C#G#Y,khXf4#WN,adzR#yhY,XPcwGxs#
#RPGajXX,FoYIvzVB,pBPrxuLu,cHBADNob,cOfWMCGh,tZtlRbaZ
kxjTl#yQ,aqBxbwkg,2t#kwfJz,idz#Z#jM,rqD0WY#p,V4SOfkhD
fumU##uy,dGlHkijZ,OPUWAtBd,sSKXhUEX,#nXSUELq,P6px#2dE
K#YNcSaX,hUmahn42,YzZt6#Mi,F#ZYhSVp,E4zMHEwt,WIJbMmxm
eagTKBty,tnpP#yiK,R2LZEbO6,nvhSKhPR,KlRnm#Qg,#hyE8VCy
DWLQvf0#,w#hVRUPJ,6fEfNJYx,SH6U#nFH,#xaTJjGP,gFIiykCd
lyb#I8NA,mi#WzdNX,fuAgs8ik,NPpCUsvu,BjfMeuX8,lZFFAeeY
6oqZFHYv,Segi6##p,E4wPNzN4,#N#EKOvd,kX#YbWmw,C2EzW6q6
idJ#q42E,bJZDngYl,ZdbmnQcr,jZMV#auT,uxMTKMVK,Af8MwIy#
MRtPpIop,jlflsRxq,Hyc#Rpo4,JSiTdXHa,#NTmcpIV,8vSRCOSe
FKJ8jB0b,44ruVYKv,QeFvPQsx,MAaKbZeY,IP#fQG#2,l6#tkt#Q
QR#WqQRt,#xxF0sJZ,tI8P0fEQ,ECOvDzS#,U6PFQXPj,ZarinKc#
GjUaAcXj,j8KMtjia,0KFveiNg,XeZTQ6FL,ylNs#Tl#,TpIN#Ll#
nWyXaOx2,#VcGbUvv,B0##QkSB,en#oUeCS,UqnaEcLi,8##piEKh
#pUL0Es0,Zv4#Wjtp,PlBoWwpl,BdYRK##D,zdlE6SNU,BLAVuf##
d#0#dZhu,YE#YERI#,TQwEDsgu,x2060hEm,Asbti2#q,zLlAyqk#
DHcDIne#,BOABf#t#,#dHQzjPg,kXxu8DRE,RdGHAQuh,evAgdcqx
xeNY#GNx,#hz6i#jj,64oG#x#q,zxFEBzQL,gSRHaBjh,#f#ELcFV
8ln8mfol,Rx0T6kcl,ozD#tgvY,EJYVbbV#,f#rc#hoL,k4KCjUam
YDQ#V4zQ,6wp#oa#c,#KpcBO#n,kAT6ATQE,t8#lECkq,sVC6jTpB
0JuUkRfS,g2r#VFYV,P#KAQ#Gx,4U8H#Fcr,OzchoBRv,ecNWMsRz
SO6imOXr,0zZz#XWe,LM#Uq8VN,bDj2hpIr,aRM0hRra,c8kdQ6Ow
dSSC0eni,0XZX#nWu,6xV#Uwv#,tVjV8mOc,pZrciGbf,pAayL#4z
S4habYv#,EBc#tdlR,LKtYUEnf,bmoofyO0,6skN0IS#,ADmV#2Rq
Bn4pgO4P,eSDczM2g,NioskiHb,8O4zNcSQ,fLXfyNPT,kE#dAgAG
#Y6P#YB#,O#Rt22Ng,QDoWzAHF,#V#Qpfqq,tMU#uuCR,xS#RBnmW
FWiVmayR,6bgxTHX6,UkXUFEO0,ASus#XC6,FZEqVhcW,#sxLcS#A
OTs#GB0c,bLKSP8#E,oOAlJWLB,NGxH0hAl,lfRKOrdJ,OD8#ObbC
nqWJQVdN,dsnBxedc,d4f#6LJu,Vi2NFccc,22#eY2je,dOemI#rQ
#TKc6uEN,kW#4#Bss,lBayKIiA,wmUsn60s,V#QcNrkr,oG68AJG#
#jg2nTT2,wGoRtrn2,A#kctLAy,piYxLdRC,SMEhbBuD,wbMMy26E
e#6AhZew,b#BRcDLL,cJ8#qo#H,0RRUrS#k,d#BwwIQQ,YhyI#b#e
LLmP4f4z,#42pqpw#,8jFO##g0,N2hOnZpM,dBcSMZaC,JHz6c#4V
Wqfsh#jH,FlzgVypK,aXi0EuZw,SQ00JsOp,rwOhsP#E,FGw62sQB
#OiFYap6,J#sWbiHu,DMGlKuez,#BQZDeVZ,YNndHZep,szSnns2r
ivlhmG##,F#e#aWa#,N#zAq2FB,xccFITXK,HVcsOXqZ,pYKtyO6T
wqXxN84n,OVhtNnNB,XurXDorx,C#W###tz,sh4OVc#T,ftUUbvKn
nOwrJlh#,BE8exXE0,stFzyLz#,clK4wmF8,EknmLvwn,dnhjqFwu
#Byt#rOI,EmZRYLo#,GAFYFMK6,NzfEeoRo,w6ciyFUs,YpPwL2lI
#bgwvLsZ,LGOlb#ui,Ap#NdVje,6fGPQSm2,gkMX#AJp,uIfXKeGV
ATUjlJpt,eu#qf8x2,z4G4QZAR,ivLMoTTq,raCpaOCX,ac86ZjJJ
IJ#EMb#u,Zean#Ay6,8fAAoPeB,zzH6I#rf,p84#XBPb,LkSQKopE
mRXHmRdx,VX#vUklB,PrOsbGl4,aVonO#JO,A6GL#APt,lMk08D2I
CG#rpvPx,EGavsqzb,YIEOTkJk,WHZabPC0,lghyE6ry,pXrzAoqE
weeHAuoS,GPNTfz6c,oRGUThgi,GKdAYohN,#MjQTSOh,#0pVR#HZ
N0OmBjUt,hPxkN#dv,H6##F#Ie,vU#0WYKE,MVisbLUx,qfz6Aju0
NzDLCgfx,dEFl#0pp,E#rzhXHt,KrIgKIsE,zU#O#uvg,F46FMKsH
wpQwdvw4,C2SMy#Kj,4QdHySIA,Fc#pmxz2,#ZIpNqV4,#6mYUzcR
J#VVbwwm,aHfgz0kD,kfaagY6B,Uh#J8rmz,sr#mLA4#,dsf0G6S#
kixCKyXb,l#OeiMa0,bbjruw#F,vDbkBa4P,akkQ6#gn,NDUu2moH
LNRSvuj8,tquT02Nv,CBrbPYsB,OySq6mLk,Xe#8R#d0,e##Gc4Cd
TGRbPPud,##qg#EWv,#ul0IFYQ,cKGlc#To,GyoW4bhe,HeWaLl6N
lFJaq2#J,E6#lrYkG,N#Assba2,ZMKJ6b24,WHysn0n8,Fx#XWGDS
MHj#Agrz,G2OuyQ#i,rhe0UN#C,TBr2ETEP,btk2TymP,6hPXYuGG
#FM8ivzE,NIWqqs#2,G#BBUrM6,Bw#AmMBz,DtlUeEq#,UPwo#iYU
#zOARMDy,0KBOA06v,kHgV#bQt,yyPXB2sV,tdonGmCI,ZZu#MK64
#rDpSqGM,bhk4ihni,ea#fKBpz,mIlStXRT,TLHA2sTX,60Hu6eyo
nVMTHJVl,jsCd2VaZ,8VLP#x#E,kvPztER#,LjCpuSxJ,XzK###kk
z#RReBiX,E#FsXjj8,dsm4dEkG,S#IqqfjI,PXqafcc2,LRxsgpWM
fHgq#smY,AaYCHWpO,QzkSlDsP,GgQaGv#r,EQfTgFP8,##An#pTI
c24#RnCY,pzjS2vvb,Pm#CXMTP,WDneA4x#,qlKZZ#qx,nSvHJxB8
lxMYmSxM,sfzeY2as,4CCx2#jO,224Siz#g,ZFolDplt,Q#ZdPV0I
Qg4aMHtZ,UD#XMo#l,PBwFjodf,aYH#nkCd,GjvCRXvv,xAzCWQYz
jokbUZDh,mD#tQxb4,BoDMPhmA,B4#k28Fg,piMYHuAg,N#VdSy6q
kvXITcVD,JV#XRbuP,ecbdjwnw,X6U#pObI,8#Dcvh8y,sJLVFo8A
abU0Xs#e,QfvgHIq#,oYr4Po20,TEA4JvJI,Ue#tGGXc,tXRVEhZR
KErW#pb#,8HI4GC#q,fO#iFAMi,B6ulKjkt,642kxbRK,QG##KlOq
BTZ4RjM2,POVquH#D,#KdYkf2u,e6SBnKrW,qHacPwE#,Viu##gHL
#sUj0#Rl,f4SBtmaE,JoVCOL0Z,zXIXGF8L,VMvhAeDW,4BiN#yyB
aOBArdMP,4i#c#OZu,Tg0rgInY,UdYNE0CV,Aogypeun,q6WrYtl0
CXfngbx#,IUXsnwHt,LgHqC#ZL,QmEqMvoC,AexKGnke,W88Yixw4
mfKZ6yBa,YCOy4Htz,cJtnKliD,kAIpncwY,BjnYOxLB,N#YuETdW
RrxYrxRD,AimimFUn,2yv6okXN,z#wz#2aa,ILD6r#Yy,ND#APQZb
H#vsX#Oa,dWpl#OLN,Je#UxZ8Y,0ex#lVdf,sfCV8k#z,O8WnnTdK
hVo0StiG,oS#glBPW,mIIWIQsA,tNBLvQvq,bRe4ne#T,62dIhzUG
jhI2XHT2,SP4rupbN,XLwxyVKq,QssVablQ,X0zIRRg#,nLSvRBEY
NzM#eLj#,ZgZNjtaR,hhk#aY6I,sO08SWWr,IqqgLqt4,RydOnaUJ
Uta2AMbR,lnXV8DJA,FqGIufIz,0BFo#Ah2,8Iodzei6,rIbNyvXj
UBxSp6OM,2CRsg0wU,wGJvnWYS,YW#TK6mE,#6Pzbcjj,#yOKRHqI
cQgWIifv,#FWynOR0,hhvxtxVy,EA2#mxpY,sp#rkt0m,#fCY#6OG
hMNasTLB,pJZ0JU#c,#8WhXAVN,zQ8adTch,tPv08bTh,CKtDjOhu
P#UGFXHA,ROAkpR##,KvEqFqdB,BrUg#zSq,2AHMMiMD,oKnqBMuj
qMwqKY#j,f0STijcK,NRDNAnqP,baT4IoZ6,QqkR2AAJ,#i4gR#e8
cu0VJzYO,Vp2OIGN#,6#QxeOsr,O2et6Cbx,eH##0qOi,rIcFHPas
UlSHVUm#,b#ArxNvl,zcMmJSy6,hhXr0lIe,rokSLIg8,vKaQRPAd
XHhTcmZC,UL6paCu2,n2YXARKI,vUABjmz#,#aBGa#hH,zXqKpnsE
TYAbG0kG,Rp#MqLeU,EDV#ne6g,8ZFzjKDv,C6TMgtut,bkpMuleb
#cWwubJl,Vrc6XTeC,uEEG68Ur,dC##HchE,Q8rqED62,aJK0mpvb
oxRdk#Fp,0jwFbEIk,YAmfZa#B,UCWp4Wjx,WnaBwIX#,c8us0AoD
gFgQBABb,LEvztD#0,rDKDdaCw,wY#g4#rd,ecoaYw0e,ebgk0M0n
RIn#xOmZ,T2#M#0Vl,4eTZhdgj,0SYdlyy#,wicstfCG,ErTU4Dh6
#SP#H2jy,0zsE#CjA,hTJ#Jcta,ZVZG#pyM,6#D2r0#H,HmCOBc#X
r#m#Gcga,HNh2HC0G,oq4NrFHO,nKnyslNp,qWXgawLM,urT#NeUS
C#HV#RFG,I#46#pbM,#O4xuBx#,FGZ6TnZR,bptO#IkC,#usjvJsE
W#n2Hyks,fosPJwpq,w2pgTjGd,jWgWRABw,wuDowFzU,#b2pAfst
zr#nG#uo,ZtTp#REQ,KSSyDDCf,wQTQT##e,uUqLVbKk,DLrPN6CD
DVhMwwKq,REbiFsPv,norPJrhy,gKhJmmak,EIpU6rNQ,CrxJrS2k
EtUxFoEE,#Erg6EdR,#vB0AeeZ,p#sxEFfz,eC6KYlNB,bZ86MrXH
BCk#Bta0,lHd8yGuA,kvqHy2wN,OK#CV#gQ,MfhfYJz4,BfN8vDvV
h#puNpvZ,NuL4#TAb,FOBMWjYz,PNB2eigx,ig#YsDMA,VLgdqbV0
##WlLGE#,##mTzZ88,4cVihL8O,gJ#wIGcg,tcMNWNrv,kXeIJsbc
RWFYrMaE,Fotbx#lp,6tEiCpoV,x0yOW#LX,HlwTZtLA,pIfgnRNo
FEqGDuEv,2Xz6xZIT,2rJ#4l#H,Jh0DmK#d,Rr0euxn0,XAXuYNoR
iKmeVf8C,PRgn4afE,L#NONwtv,t4D6#inX,C4UnBWyS,cRNBy#S#
Wcl#uSKt,u0ZpArxN,BzaibtjQ,WnbCjYZ#,aIAyKnG8,SCTrG#jP
D0NnIlxz,hCPORvGd,Uo#ue#oY,WzILnB2#,Z8YuAS#m,KBJnriM#
eb#2aoXJ,ZhaU02pN,yhXN8wa0,B6AFxrlL,qEWpnxJT,z#lwIngz
wcUaae#X,iPk6gMiL,8vPmSrMF,HjHjgJ#8,TCsSJ#c4,RETRS6Ev
kLz#jwmA,HpZM4dr#,HPbu4Qd0,IAS8AALs,okGJm#oC,XllQGHC#
m#yxkN8D,H#hONwTN,rq#Mtv4#,z4#vAF#S,R#yGBQiB,zKKOUmYp
D#4iTyrL,#ELwq8HA,z#AMEfal,DKnWSfpH,0tOHfvZh,vBqWXHua
DXAUywOw,OlNgdIpp,NlgIoCqI,ER6jtEF#,0w4#T8X#,jQ#WimdZ
#S2FqoUz,q#ozffCd,TuUJ#xPY,hWCX#fQS,FBeRmw#0,DsxGzZcQ
4kXOzd##,pWal#vhD,zoVmELam,#qHSXtX6,wLwTzH#m,sLfiz8oS
nbBC4y8h,OVwQTDbE,nLhkiTbL,ts2#OfcM,2WsFTzXt,s#t#Zkpp
bZnKYM#e,6cf#DXGl,t#0HJPfe,mTnQMWN0,Q##kx#FC,PZxRcFJZ
weniNHMn,QVhUPZhI,MhNdjv#6,WdyJEH8e,zrZKH#fT,lNsUERjw
#lKrd##L,hvv#x#KF,efzC0vXS,wxant#Np,GO#tHWY0,gvMAmfI6
QGN#Dayd,2yM8Dsn#,udTqL4Oj,AFNYDl8s,FMDlNIjp,kVzhdCfZ
jkPqvTmh,Cn26hnQG,Yke6g6IA,QsvmGNZF,2hCl##6G,DQAhjNBK
#uITiQ#M,KBUbkc#8,CRTiGwMH,#MuKaVYH,nx#zeyxO,4PkbD0HG
8NXUIOLb,r#qKrzPU,2U6wTtyv,A#FaXfez,MoZrnjdG,gCqkGgd#
BHGHsu#P,cjDaqo8O,#FGeocIg,Yt2o2gB8,jnHnjffY,cKy8QkUX
OPmpbPjm,DAbPLT8A,AJxeFH6I,yY#QPhs0,#TVi#iXc,oDud#qWI
SU#iCR0w,AzPC4R#H,hpF4#AEo,4G#AcaAq,Zu2#4U#q,DtqB#J#q
8gJ8JYoh,Htg2pJBE,rAbjeGXJ,U24E4GjD,r#rYTIY0,V#4yeDbi
MGlikAMY,sTym4I0S,bUfoP#xZ,dfUK#j2g,lHOo#qu6,2G#SY48r
eOPivtoB,xUyiiBym,CRuvPrRc,r#t2ZxhR,#QHzWPDp,pqz2H#W8
dVEbvwo4,zpoOJ#gD,lkwhyFe#,6Ch6tsft,ZXXP#IsQ,CqInJiaa
mJdFDNhr,b6xDmDWp,eb#fQqi#,nHSlZleF,Q#d0OV4H,fjVDk#by
mDUUX#th,yTxJQ6bO,xOjdavOI,VvtleCeT,xIcRfuUE,DgRtddmN
ClKycPPX,aFTT6EKI,KQDJv4Zm,D0BkfsBJ,KMjzqKPJ,uKTUyhGt
Whu#cNHz,zICfbUZZ,4LNjpYcB,k4Mu#Qv0,hkLRRVwx,stySzyIc
jQUrto#H,okXW4#ym,zC6#PsIV,tQTZp#YR,ZwOEO2fD,i6NyoBTW
jD#MtD4d,qSDWRtip,Xu#sjTL#,iKQRcF2m,QVEnfiWH,K#LXk2YV
OKHfSBGA,wdCAE6Ee,0V#bEF0M,66Vk#ueN,JPjPMZqs,4g#RBRSK
W6TUrAsF,UYkWWX#d,tYCIhvyX,zYCFetKV,Bi8O#P#A,zqiiG#wv
WMmAymVA,FNErvgGM,x8ZFbA#e,FNSbQ8TS,#I#QieI8,jhujV#V0
mgZAHJ8z,#nFKa#iV,xGx#Z42z,Wu#GnhYD,8wLg#ekO,Ze#qpjd#
FbwsFjOK,Xpx#d#Wc,AAWQmFnI,xL4KTJW2,RcvZUzxz,yjYgHXjV
beoiHlzB,IiExvKbu,GsdsFS#S,jjh0Jykk,wMsqjgbq,qdXssBlY
Cy8#VwNW,TKPjrnDJ,#dUJWR4k,htRdGYay,eoFN#ZVS,ETaBZa2P
WwhELfGt,DV2SZdvT,L0jXrKVy,mESgjT0Q,fZTs#d0z,#ebb4AWt
G6jKGCzT,X#GiBp6j,EMp#C#GH,vEIQ84qu,cfcUEdtQ,bzMMc#sz
NNkO2wIf,hXgCC0PC,UlNeATK8,Wch#RpuK,p4vK4CtW,m#URjBLQ
aLvadQ4N,6vkVgGsG,OMgN2IOi,jNgB#Ied,iH#S0g#h,XFYMzexb
qii4pxAf,GIM8RDNh,IC20zgmO,IQXO#K0O,fGq#qKDc,WSyvFIu4
aYihjJub,MMJuIwWU,Rw##FsRt,buMQXJHx,60ijFNX6,tpyfSwzt
2#myqens,gUakSvkq,pH#MRvsU,YB#hF42l,xUQrShhZ,AWE2tZzx
6P#yUEs2,xdGcyMmq,zxztVrxW,dVA#yHZW,eZEMLWXc,4#yL#EaY
0#yE8Kzg,8kvUWRkN,Ciya2f#c,rH6jmYk#,Mul4SKzb,AU#QB4fi
GZiZf#Rz,2BYLPp#I,duNStiQ#,vUr#qRnF,tWSxciM#,ZjpXi#yH
Ko#Bq#TQ,TRIF0SLI,Lhk2qcie,#Ha6jBxh,yH4bIvTO,WsNr4hek
kZYUCank,0J#GV0Ui,tGQbXXg8,6OIaRlaG,#tH0Aqdm,#HtIORqm
g4fFuWfT,8RGzljEu,owOMqwp#,ycboCQcR,ajX0tD#o,IQZPHHEl
#bTw20jQ,qQWAgwzx,nElgQR0v,4n#BUjLI,dNFp6VWO,#KAnMaNi
#2pTofju,#i2hhiWO,veDIELRq,VuYtPo#B,O#iQchsZ,RWXwGjmu
n6JFvUA2,#8WNTlxf,nPRQTG2M,ZLmrh#hc,sVUvZ#Zq,Q4qOKUYA
2vAPAPLx,0#V#PL6C,XXUiH6mQ,SZGQYUo2,Z#uUbHMS,ucSNvTod
T#mXjb4X,Zim#KDy4,J4erF2xG,I#c8yfYb,VER2rkRb,2Fi#fYRN
Jksxxmri,WQn4xZUD,VWUMYnOK,XXSRAp2P,ojozfUeE,ihJoHEa4
sRRUq##Q,8k4q2U2X,LjfuyIiJ,vIz4LEYB,KXAjxKqk,xFwVAExr
W#0PLLZG,aw6nXM#c,0Jbsq#6r,hgkUCMIp,ViMdCNVu,6q#FHUbU
f#PKP4tH,Aq#cogbu,J#PYM6us,nc2MbIyC,WL#mvLaN,cmxtK#Yv
LWgWv#PD,IWT#k#Jk,#4Vyz##C,sBK#Fi#8,DVPoY0Ve,M#w2x#pT
IAKctiHA,KG#ElgPQ,qajcPB#m,O6d#4tcK,a#Do2N04,couwOOzM
s#0Cyvgc,jm#lid6#,sNTW4Hly,wVhIvTBQ,dNXQs4BK,jmduSjTS
f#VBoqTx,K0DGRXzR,YU4#nRTb,tHDdvk2p,Ft6aRGqK,6aUQ0#8t
BalYPVNT,KGBXUxZv,#Ed2c8cO,RXwhJG0x,CTlXNlhZ,mGu#AT#j
FCWZMI##,#0b#ZLrJ,hLP6kd0g,DLtuXBlh,BGAQHku#,Q62C4nIs
#ly#j8Eq,GjNHMKgJ,zM#QVxqf,0W#2g##p,plJqiUIY,JcZeRSKi
m##QKr#x,0AQPI2PK,IZMVOjs4,NIOQuw8B,auNSUs#z,Z#KD#wrX
sVjGnTKX,nD#XFGmD,#PjeLS#O,TlQ2pMNM,G2v82WV2,j##dW8j#
JTjbbiVG,CLjFlmrm,0yjPzr6t,dxJot6A#,0ZBMmExT,n#AxG#g2
q#vNoJQV,TSJzYByV,jdWfPaKv,UsrJFDeA,ElJrF#oh,KJcsYTAc
2prxnZWw,DiWLK2fG,MxJV#SRd,AfNvviCw,WdxjnVfA,iGVJTiUe
LtXLXxfa,c##B4EQX,ta4VU8zL,uKP2xMhA,#GMmwskz,oaWnIFyl
iNutZy#E,Nxa#OIsG,wDlQ4bjc,#fjEQlNL,rqQGWztt,MYoYJld8
2cMbT#Hk,C#XpOPVj,Jqw8i4YO,6kh4lrL6,hCrihXpr,8Hv4zUaz
FLgERSd#,EGiklWui,wPz6OffY,Vpt2OBJA,aC#tmBph,WVtOsiGV
rSjHZvLR,Y02lLy0u,Qyf0P0Kt,LoRiocBO,pXQbLlwT,8R#SjP4J
B#lpxWIK,tFNL6foq,qO#gTFJY,ItvpbG6w,OdEG4fiJ,VjlWqRvZ
sqggfmGf,XeiBfbTw,kKb#vMZX,EnJQBGE8,sMm#QUwB,dTeUBDz6
iUejf#GU,uo2uieR6,OcaFOIgo,T#d#iVQH,BJ#0gfYw,DayHKnkw
C#OAfWmw,Zq#ULGrX,TNjSXt64,WT#j#8Un,ss#Il#ag,u#hfxAst
hw#Z#d#V,RfAqRy8#,cQtWwWI#,0ouycXV4,fBWhXPPT,64mkYh4A
eqfKS2Xf,GK#IXSuw,eQ##Dgce,azpcmbLl,c#qZ2tAS,2Kfa6qXv
cPkJc6Yj,m#uDPoym,U#SlKyfH,Z6XmSBOj,g0P#BEee,zTbmovE2
eeD#TlJJ,M#wAH0Ja,IgnO#Kcl,JQQ8kzTG,6xf4ooW2,VpoatRj#
MyLVmQuc,axFqPgKw,#Q6TV0Ur,Swlw#FnR,#6#NsIxE,N#uU0dYe
koagzQpG,#gSNYAZ6,gKY4ZBJA,4piKnuA8,LXBEO2Kk,pJVm#JxY
LbqDUyQt,yb2bT#PZ,snz0uxwd,aoMPZ#Aj,y#lRagYX,o#aEdIai
ql#qto6h,NseProwu,#fLi#2xk,LQTnoexu,dLIjIoz#,#SXHBLev
Fnna8hbs,aFWYTq0T,aeKddD2k,mehwvR#y,##sC8vab,F8I#IZDo
uqW8PLOL,##It#JHQ,sqR#B0at,eQRRX#VE,pVS#wVWu,oah2OmMe
PlglGrLp,KzDZ2k#U,CnlcBd#b,Z#lcTFTr,sCSUc4MP,#izJJARK
f#TsSvWT,PSN#THxX,ErpmDpn#,x4#pk4Uw,S8O4aRVv,DKcRzQmw
#wogtXUp,c#FwcJ2U,v6Ucu2#V,RFjPSBsb,tVW2x0Fu,tCq8WK#U
WgPDEy6#,O#IsMhxt,QFuD2v8y,gQylo#ir,i#iU8r#w,6VCuHLcO
6YlRaONS,lQyag#eE,sP#LaILp,Ar8l#acu,YviLkex8,omcnTU0e
#Kd#bz#l,6w2awp#E,00RsiAgo,ZR#p08Xv,U##s#6ch,ndOP##2w
TQzfGLCq,dZyYK0#o,O#vgDCES,42g0gWrf,j6aTmJWw,MzTj#qAY
y#DmndTa,HMbPA#lo,#niITlt4,JhlE60e2,aZDgENQo,UXjhawaw
ZXCerPkX,nX0zEohr,KLkfArsk,oRfH#Q2R,R46kP#sS,xo4BK4K#
qSq#2c8P,EkoDMzMA,hjaZHARl,xvoSKAIe,pTMOaq#I,zNL6dYuO
mfRy44A#,#QHQvve#,rMTwZ#W#,cDEnWyQx,QuQyjtQa,8BDqJgqQ
#j#SNAs0,0NkxVSe#,o2winXt#,bKWLoLYB,OY#MAi6#,#DaEMlXd
VIIhNF#h,aptI#t4S,hDdTDPHl,#YQc2#iK,#PVNmPWN,DES#iAJ0
GgNjVjFH,rmI#s2gd,cJmIQxnP,B6QlDs2S,YWEApYdw,fdaRFSdV
fvmRxnBk,vMeOUtj6,c#vwJafe,zNGab#6L,eFFGcuBu,sUmaYWgH
NXrJ#iMm,Gkb2KKdU,Jf44NqOT,YjNr0gQT,ByODGuOd,iE4#Ow#E
lMmI#dKm,#eLf#CdQ,DDqHtHQM,C#LzvaV#,4orI2Weh,Nrg#uzsF
MQBZt4#m,yWf##ILR,vzh2rLYU,MWWfrS#K,ey#sKZnj,sW#HtGMm
JcJ#YAsQ,2Sba2czY,Wyh0a0gA,0YeLsIn#,EIxaqpg8,BsdSOWCn
FHgcmQmq,Vv#j8KIF,q#PMu0Up,#gUHFPmm,oa6At#SA,8JuZCV#C
Cv8JU2YX,RVseB0ts,NlJWHV#O,bz#2os6o,mjPY0uIv,ve#hUBov
HjCVIkvX,lUmTjkga,U8cg#OI0,cqMyMaD8,m0#pGGmn,gjzXYSLO
n4uLdu#G,VoLWvVvF,2zltlmej,jKroiGYx,DEe2YHkK,BvxBZ0MY
#QbGmMNJ,##6kQn8j,UKT2#6G#,pyNWq#Cl,#V88gElJ,lQamxdgQ
Sm2mBy#A,ou#28C#U,#jdjMALl,ph6#nCQd,bTDI6gbo,s4syChkn
bY8aaXmo,LpLZYQX2,kcVjDTfX,JuJlYiRF,URFC#YL4,ouz#tKWy
TFoGp6Ve,YejyJ22J,Phbdn#B0,UQB2dEps,aK2rwLlg,ILZcr#d#
JcGC8E#6,6dkStmx#,nceyhf#2,rI2sLgfn,0EINSilB,iXW2RglX
VwJazfjF,DwAUcYl#,8#QF4Fnx,#SsjRBRt,OH#mJf#I,Laoz#r2f
2HYHUSd6,2SRNehhf,B#IomzqI,T#4E6Oyd,HGYCL#rs,a0Y0CIFY
PqYzQBUt,2kbMPw4r,RFWPjZXd,WbIxRzbw,OdtH#yIG,2Nn#b#f#
HibjPvLJ,gY26#4LR,pRBvLjVE,iK82uLaR,E#bDJBug,YP4Axvdr
cDyOkJDz,#a#guYds,xpGiahnr,nCxZUsRl,#nfYV4#N,hp8QGOYi
bHnlGeoG,68VXsyJe,w8UmW#FH,YQqAD4KI,OnfoQNwE,PLV#c#Rg
GEDqxHXH,BpzsUsdu,cC6hAWoc,IkZGdrnX,oq#P#CIo,l#mImFbO
DgSq#STu,6QcQxkj#,XRI#jd#y,Oe#NroBR,JDaqi#LJ,FBWPL6RH
USC4#aAM,#jRv4XaF,MvpJy#pS,Q4iOyE4R,##wDbI#b,XGHtcCaO
UZ00p#fG,DWDKc2XD,Wk4i#0vR,SGMNAqlv,izA0#TPs,f0#xExhw
#kpkcQVh,IPMJR#cC,atY6yN4m,biFjqann,qtvUJzcd,NEdACKep
p#0nvxUv,nhJfwl#V,JYVWjlV#,NrxHN#ig,LdEdSKHC,c#qv#4sT
Tw#th#8t,yYDy6zIy,ZzpaSNo#,Otz0Jutm,L2HzGECN,8Bn#2ieW
eoXWS0Q8,Eu6JgTyb,hPSBCfvb,Ozt0BnIh,wopf#ZHi,#cByQvch
H4kw#PzL,4J#4TUI2,LUuBmxR#,MgraGXK#,FpDryFzM,YZ0aM#Vy
x2Wn0gue,Bn2BhGBm,dGSSm2jJ,vXwnXm4K,Ac#I#D6C,TybNLnOo
JnWzsLSv,CnftlGyw,kmpevD0a,olApbOGF,aCgOpW4g,LTRYK#iz
SFpHaQ#Y,S2UQQudR,BPOWqO0P,Zu6LfUTp,LAuRBGDA,YgxzjCcj
2GfAtm0b,sOg6qSWd,k8RnGXT#,qc#fnsqj,IghImxDU,wg#4euy0
axk#J#Jt,2dEKMCk6,ZRrkyTa#,jAuPqIZG,ERxTSuoV,F#8SFkfr
wnEknPHA,zWie4vjN,TEvMKUPn,DvQwNf#C,zNY#Cnfs,CJXaFMN8
6G#VaHUe,Nl4jm#Yh,8U2Px#NQ,nGMJuFn8,D#Q#A2KA,WMVsbEMd
cOdBOK4H,#Tc#fjgN,xcKeTGLZ,iOKlk#Gd,#CyAultX,D#2EiWQE
8m0fMPUo,b8Ew#hww,LVjVGYjh,cvz#NK#j,RJeQi#Yw,0wWOwzjl
wpJlVLNP,mc#azlqP,0gk42ckx,aClB2#XL,umeAbiFr,zOLhQaJG
CLr#RIUg,fPd#ps6s,ezPF#Xcr,KG##UhjN,ZDV#QD4n,sMhgX#Hr
GJOqnWaK,LnZ#Tr2W,k8lraVzu,#yREe2Va,t8#lLz#C,#usEKDSW
WUVAq68x,p0IoCNSi,XpE#vphO,vUdWQYQb,Oa##fKfp,fW2X2Bx6
iPVrvDfV,mJjh#Yx#,UWgCwX#r,ZBRMpK#m,rFqvZSOv,fx2OLQA#
#is0zLfR,nkswEDxX,dXNmLgNx,mn#KochM,4s0cYE##,kIp#qNr6
cTAV8nue,QGUuvB8K,ZLQgNkfi,D2nGvXOY,HrZueLVv,vGR4N#iW
8824PSLX,#svuU88E,2jhE8iaJ,e#blUs#G,XhqCDRIX,bANl6jK0
BmyhruqW,0PkZMrR8,kEk8sSZQ,HHdFOOiA,MpfgrLqe,dfeIfidV
Vkz#8rkx,UHCicbcg,yodOdIts,fhntX#zC,EXfkjNUf,K#IVjmdY
YX#KbRtc,RyBps42l,BfkCCDtq,bwuBFeq2,eu#CNjPy,Yr#jH#wU
pTsNoZ#H,MjKAkm2E,vI#EhKYg,D#JxEPdJ,QZWylkBa,66qukyez
M80o#zRn,#4TVfod6,MEYhHKhG,mmaD0zFx,Tso#OYIY,#TcTchfQ
A#tmvKid,jTj#slSd,2aMa#Qb4,ADCsGx#o,NSSQdOPm,UV2AmwlU
T#D#Q6hw,eaKXaCGt,oZRRPaDT,ekU4PB2B,yHAjZ#tz,##CRXgqW
tHB#QqdE,N6SCSxwv,kuaUhWbX,wuQliiHc,PKVwYuZT,eg4c2efz
fkl#TcXK,EY#TbLTU,ias#AXTY,y#X0BlMs,#fPaGXI6,4W8xR#eO
mPUKHp00,TpqhaFMz,on2#N#uo,Fm2aVIJx,EXchHfcJ,djY4DHJX
HxOIjqZL,zp#6#Pua,eIteAiHp,8v0pNkWm,04Oefkpo,CFmJMFA0
GaY##8t#,LMyCYVRQ,zzXtWK6y,rHrwPfmz,D#vuTStz,nvqJzGDH
Jzupm4QP,CEgS#WvJ,lNkTNK#s,YmyRab##,LP8k822#,OhwKKlFp
GcQ2b4gs,e#rvImjZ,DIJ4Uxbr,UmlyXZ#0,dKMNijvz,H#CZnrPF
uhreQE#0,eJ6ei0Sp,wweO#uow,qYBfmY6b,24k#XPgT,BzgE#S8A
SOZl02ny,qPExWC#G,0DYsPnds,QwWtzXFU,haAqMHN0,b#QWEpBf
2dua#zMf,D#Hjc##P,qPZiQDMy,A6Yo#jyj,eEai82zM,BhvK28M6
bkJObr#f,yY8Yfzn2,0oXuao#2,NZHe#QAa,cGHi8YTp,qss0e#KZ
jy0uFHUv,vdnCQPDc,Vmly2E8Y,Gajcoig#,aaWNSQbs,Nxzz#L8q
F8yEeX2r,YF#deYbZ,alZEY#jT,#SfSLuI6,PovSNApz,#QZqs#Bn
4oOTFnX6,iCGXGfVy,pe#cQVrI,ThkLuSGb,ePPAKxIz,Af8m#rD8
Y0RzJpgu,tqqqY8x#,t#kJAUJj,CWr2uUTA,xQCtxvMT,HJDTH#Hh
k8DhmBVz,QAcXoAQJ,rmjRwg#G,VkH8GYqU,#KC6ok8V,ZkklSvYj
GIt8GEqj,b0NWinbt,j8#PIdlo,U6Q8#mGB,QXCRYAID,EaUiJvws
dY2JcqNH,6OZgOzDH,ddnEKFHe,WowfOQX8,08#ntdl#,wq#Y#8ut
W6QrYR8o,mmAPDbQr,gRsiEt4V,wFLwQshh,#lPFbVRS,W#yjsEUx
TQIzWMgB,adqknFb2,#g4G8Bnw,IumYfnAH,#JBAoOkA,cjDEHJ#q
#hx#kUYL,SSWgNatY,ekwPOQzG,r#KmAtFr,TrViwn8D,VqLs4ZyJ
j#x#N#EA,sam6fahy,4MRIwZxs,SX#0zYBp,I0HrtyPB,wNjRmjXV
HOMsvoWj,qlcF6#o#,hurtze#z,MLuKLtav,cwXSFwAw,JQu#W#dT
4K2xiXMA,hy2gnMRE,0CxOlawP,gwyuymYD,SusyaNm#,csXxoNl#
zKnzL6dN,6YnaqP#f,dGlAkFTA,NKhlHYcW,EEvaVJSk,FJEblSoq
Szt084Gc,RC#PWYhP,#lNb#0#E,xwmSSuLr,sWv4wpKf,#XBee#Cm
Uzxp8FWk,#vnb2ts#,#j6Jnt2A,KHkA2uk#,y2cHOBaN,ezpt#Zre
8fRzbBaF,DJ#TEMxW,pZtyisWD,MQhuu#Ph,#cqfa#zm,4GT2PoWZ
zm#TlzRs,8zvE#UEN,CLXCcK2Q,pS2CcMyp,kmYNVDds,EYlGL6L2
C#U#Axuo,b4uBjp#u,SkrOmm#Y,C#KptY2h,gXGQ#SL0,UGZTNLIa
8uTKr6FS,##o#LCR8,qXvbONhK,l#y#ghOQ,zbyM4ruC,nMbQgYSN
hDKU60gM,YfosvdnM,tIkehjAg,NNgWQP6Q,TfQV#ACj,wjgq#tgY
Y4mLBkgU,v8FjeyqV,q8ylXz0#,XRXXn4Fl,E4i#g0C0,IrYNUe22
lDmexHNs,CvfaSrAI,bmfLTx4X,ZUD#S6DQ,xSZoNxAV,t#wlBNV4
G2in2YTE,gketsICi,FQbepsxE,LttpaIKJ,aSqSpe2y,jmTRa2Tq
yKZWliQN,kzGd6KZG,z6ZAc0bO,suXmus#v,TtTt2g#z,jFskF##q
pa#8TIjD,LxoM8eMX,06ha#ooE,BXyGY##V,Tb#YN#sw,LHGhqcyu
u6d#dutJ,#PHbRfz8,WtIs##sH,#p4mkZRq,augqgOfo,vLqF4zuM
Wf#DlQxk,yPOH#D2z,sYCxqmZX,#uDtwjdc,htUdhcus,gFlTWRIZ
8pLiRWjY,Ud0cgyWt,qAO0krwV,LkPJGb#x,QqV2MXZT,wzCUUyEx
H##mikFR,8yrFHy#E,sGhKilzl,Aq4WYTh#,KEXmYibO,EGBqyoDL
#0yVKwht,q#rmEEjV,UJalUaZk,HFU#oWsa,d##aqGOG,6DRomiQa
mNsUVGYJ,NkiW6BTg,#z6IA#kn,Dq0PQDyu,UTzquDmP,KHjHyDLz
#DQmbBAk,xwILVwsH,yhURg#Ef,6Xu#Ty4W,yDoARH22,q2#nxHVp
Yeiacipc,#4BqDEYT,HrsqYWI8,C#awisAt,EIqkR4BR,auSZSBLi
g#aq#wi8,nFwggdz4,edzEi#VZ,ENisik#W,CWDIQGGL,0i0buTDm
luJzkNpT,Nqv8d6en,yDH2ajqn,XxmDbVh2,2qDNWOtQ,CRhDKgv2
8akp6G2x,xXp0Ewq#,#B4x#bcf,WQQX#2N2,lsYOIKKV,ofLSvCzb
fxLyHvpx,#PkHiXZa,joqW4H#o,EIKg#ccD,NP6yXbq#,#WdkCVnw
ZK8zfYZu,jp#mzZmh,4Uh0KDsx,hFWbCqdy,R#x8hUqQ,EXUUvmEq
u4GExGfk,VJ6zrfWI,RxC2qdJW,6NjE2OSj,yZpNzFm6,#qVhW#FP
d#6jIHVF,6Sz4#CAD,ozl#bXA#,xnb0wDoi,HJnHlXug,WDa#Xi#o
#HFpLkNs,2NMJi#sp,tHoZt4F8,#ygH#bV0,d8Tgc#Sq,grclobBn
TxbJj2#N,QNeb#XRQ,PBVnY#YX,xEAYZipW,yH#6b#EM,6L0My8B#
hbfUTHCz,WHK6Ubse,bigYDIfY,rgyGqbK4,H#2yWAqv,#0#ZDPn6
U4oxnqXs,BjKFuD#n,oISZwpMz,4cYCgcYd,8aXO8NDZ,kOSyLJ8u
J#G#C2cy,t4gSwQw4,#tVvyi8p,sLGP8TCx,QI#FqNN0,qSNjciSU
UtEKnaml,ujyKsiwS,uzs88upu,v#gkbX#n,a2TD#Tmk,whYLw4Mk
#aWtVR#u,NHKn08#D,A#2HjLY#,wqLMBwxK,MhX#xsPG,NIUZIXyH
pqvYOQsZ,2S##aEt6,#UMy88yn,xLVFWNY#,CUo#T#Gv,XyhARjLz
VWwk6#l#,##xThDtP,nVCxnWc#,0RwaosK0,GvXJzLZL,udBc##XE
kN6fq#wV,X#aQnEJT,sUAWJkyI,ACbiovDT,XlWjxyzO,sGyBBv#6
qlqbo#h#,K8ZQqyrM,VmqDVbsJ,ghM#KT#y,jCuTUzda,VUkqIcu6
u#i#kDi6,4#6ZZYDc,vuTxRAy#,GGO4C8SL,ugHmzcto,#aG##Jsz
oCy2sq2n,GFfvgeiJ,HjJICfRW,ZhhPY88p,Lu#m844x,kMKljzvr
t6Lp4FuB,XdiqTjTy,GV#maDF#,sa#OOk2p,#lA2NW#I,w2e4DhG#
rCRJm##l,zwmsyvF2,Bhld#LjZ,2snDw4kH,8xrtbRHm,6iZooVJI
rXGgKnmj,RiPfyM#o,NBOMBQpU,O#EsMA#t,0ncIbsBN,hBcAZhmK
IrdpLe2v,WHbwk0HW,x442vplK,2NxWHz#r,xnIpKfop,yWHfCHah
npNhks#k,avLGtLDS,w#4XrAbu,AvpPOrC4,sS##8hXs,ObV2a6lg
BoCs##OI,qJSZKnEg,U#d#uyaV,PFUjO8ga,dma6#pjC,kuW#wdeO
ylpdqeRN,KRy#D#H0,FnbQggkA,fQ#APRJ#,eLdRu2jJ,AVJLRi4H
esflyZwe,EoerZaOJ,RkH2aG8n,#HrjmstT,mU44#Bp#,Xsglg#kN
ERugI#IK,NgblOvrR,ZFwNUdxN,xpj6gSfh,Yco0#AJA,FS8nFKrT
6owHxALc,RZK6hCaA,OZ6EYSgr,#hpYI4TL,tB6Ox06U,soOmVJju
lxjNgury,X#sQnyZR,CK#i08UQ,B0goJMuI,ct42JI#P,b0ClgTYl
gwSymAU2,LBDT2hOi,Q0cI20q#,YNHJFi2X,hl2bmSvC,Y4YJgh0x
E4SYgRyz,XE2n6VOg,MFq#fPjq,yoiimomo,KRyMnb2F,4GMdDD#n
arBg#Ghi,pa#fich#,E8APYj80,xga#DxWK,UysljzLU,YDoeclm0
bM6cB#Ss,qtuTGYiV,DJONnvYe,t#ZeibH#,bbtbDZEE,#KxV6#LD
JIReFetf,48Dwr2k6,jQXJtvmh,fqQwfFPW,K#SrA6dx,KEIpxSBl
cz0n#MPb,Nj4BRN#z,hvKeBs#Q,ZtG4roKw,lW#tE2#C,u40Q#ekg
#hkQBPv#,YSVnYo4s,GEaR6GOp,oFv8nZLP,zwy#Pw4p,0#CufuR6
vq#dZqZr,8#HhLtwr,eezGz6Cn,ZFoontjY,gstpnxJM,drMJkiox
jFXqgXKF,BRn6zQjF,x2b0V6kE,YprqX0k#,KzI#wv#n,qJg4#OdB
awVbPBVh,0IIZ0vLf,WSrRDNaZ,ViEBELyl,Yy8cyCtn,qhXIsAV6
pIUhFbaX,aotRpQre,JrRD#R#v,QPFRMBG#,R#KOiPcd,fO2fUZNI
IA0lbMKx,gBxna8CL,h#GGgf#Z,wM#0wAUe,btOYOZpg,HOorm#Au
FK8Xtvnr,hrxOwzMq,RBsJJMcf,J#K#XwfN,ffVn#6sg,GaDln424
Be#Af#l#,tIogSpJo,Vsuwn#aZ,HIXNyzFk,VANL##8y,jxXnYBsS
Qaop0Pbf,bo#O#zJZ,CRkNBr#Y,LWj8gn#B,sGa6yNn6,6pJgfy#R
V#0cUa#k,fJeM68hO,aYzGfvXA,n4OI#UQE,wsvl#omS,B#s2WZcm
ZjJDgjV0,S8gKXbxq,BnVPtTGk,6PYqft6B,#mgJq#Bx,0A0R##Km
icAwDeaw,bC#qYqGC,FsGBs#kR,lSZbrMKk,#nz#R0Sc,Gr#UFesg
ZRx#Bs8n,HE0nyfXP,V4Q#UzNh,OaMIm#md,dEXSmWri,#Uioi2Ch
Jk8r80Cn,#VYkDmrr,4pYRcNe#,TTPwSM6#,iolhXy2T,qLU4RZl2
XikjrqI8,DXJ#ivPp,#s4tlLBR,Axyv0qqW,AEOeyS#0,N6vDtv##
fj4rkMla,2dhcNwdX,NZx2ab0#,IEizUSH8,LlmQ#w2y,xG##vHZM
BGMAvEgB,YAFqPdKv,ZQHSAVE0,pptbZbXD,#0eAQSp8,GSnRkRZF
##AwBdU#,V#XPxtp#,2VHQYknM,QxKSRNx6,SN4u0UUl,LgfMgKJb
pOELqfyb,GHTAbUVK,pATYZyRH,nLLT#Lw0,QIHphwqj,th#60#wP
kAt#Q6mu,GY2XEuWs,bSohuwfo,IMcqje4B,poUxU8P8,#JuoD2CG
#ivyFSvn,rq#JavDQ,DsGnxPYQ,V#mDEdh4,kUegUtsy,FE#ZJtjI
#6CCyj2r,becklHko,O#fh#Vqt,OkcDl0QM,B0Jk#gbz,KTIf22#L
M#I#PHOh,uCAjYi6L,Zs0QT02b,nWiSYkTi,VLKOnEjb,zCFjNNKr
bsn0MlUX,jExHzAZr,u#RIVhHA,cNv#GETM,KXL#glRK,IwQYvlCC
eMS#0Axu,#avnEoVv,mW4TDd2P,CbhSJx2r,NsKImX#V,VE8IBbel
yNH#BNVh,2lJfZrxq,tYJMjdJq,dg#Lphvg,gvHetKpk,IrU#Ibfz
##SVJp#d,SK4sFUjC,2RMbkXk0,Iwev8dt#,AyP#BDT0,r2n#CYOR
etcWvDgx,oxs2pF#X,hwY#8#te,Edj#h#Mz,qyFmtVr#,#oe#odbv
4MmVahQE,IpFZxBpk,OfrQq6ce,TAvt#Ntd,#WtKJ2SJ,#ZikGbaP
o#8B8hpO,j#iq6OOl,KZBGJ4Cr,ODycMcAP,FOaBGKF8,jwL#ikj#
blpkXKv8,TDjqf8ix,Hg4#HR8x,a#8NPSH#,2OtU#T0p,exhr2N#I
Rcv4#t4N,Ut#WIqfv,TootxbbG,PeMkFYfr,mKKl##Cn,toRqQL#w
tluGZoI4,svoJ#kus,JYuO#UkO,jWGXSMzt,LhA#ujxf,N8NuZZwp
#MGpuUEV,WtrzkJCf,krdWwt#z,qPSgz#wv,kEFwNrzq,bKsy#CG4
fTHWgnG6,8uJJQnVs,d8kSi#Qa,vOW#R#aG,ok#W6NzE,0EPPFVuB
xnXifiQL,MXnqr8zm,MvCZyz##,LnuxYgBl,iJtqZBmB,I0vJYf24
YR#BUdXv,u4gpWAeb,8MhMlZ#b,fxboydO6,#SzfGcte,aeE0#JDz
bgtyawKA,#RZxVyEQ,ZVFPR#Cu,PflJYD#N,wXClCabd,ha##mYVZ
deSNdvc#,GzSCJu#a,l6gFeCcw,E#wjzkVG,apLWvzgP,g0RTcNLv
oCVnEd4m,vrG#jORK,a6FhPdQy,R6cQGzJM,e2OrziQp,E##FLDgG
B4PDPm80,gjuq#2eR,pR2ylwqS,USLoUi8W,Ok#lAzyz,kpIZ0B8#
fpSIPZXv,Ykoy#E8N,GN#ZHLNL,RnMl8YdU,sVCX6LF#,0Ib8LGpF
MNje8Zl6,EfNuJGe6,#KDiDFk2,CEmAyTrP,UhJ#cob8,FYqgbewG
UMAC#NT#,tHOTukhb,OG#rV#SQ,CDeZfbUV,IUtbm#K#,lNiIFvli
jGXTMQpA,pN6CtVSh,OlzCG0Xw,#PXRDlOI,62ksDJ#B,O6vxfPyJ
Zg#IiSPb,EN#2qAOt,reWn#zrN,BtIF4c6E,qm0bLoQU,IMnaR#iA
nsxdVCsH,kS#2h8KW,Cva0H#NX,PhUdaJms,yfdBV#SS,lUyaxX#n
4F#sImBp,o6DHaydD,MYP6ph0c,#at8IFK2,DDQLrFrK,Duj##ncf
meG4O6IE,D6B#jjk0,uHhLPvDx,6YPEieN2,F#xrtyn4,ZyBnRgqj
U#bRHB#V,fFwBBxcR,0qGyMlf4,E#Etlsgd,c6IvfSQU,4h#CGjjh
olJ#nkfW,6#SU#qQo,sUNBi#g#,aiA##EpC,ZK6J6X#o,pveFNybN
EO#ZY4rN,bgxQrsGR,b8I0cTld,#bn#6u8b,adilQQED,#yr#t6sT
XEUC#OrM,G8Z###wY,uZnWD8xj,b#QIrraH,LbsjpTWW,EoBBdN8W
A##hbzWK,wDHshFFl,0YyxMrHh,GHx#bXQk,Qa2lO8QB,wpAr8#kE
nRld#0Rk,t#SkItL#,vd###BWs,jTasWjps,0KuRnqKw,SoFXIUeh
aQ#DULKZ,kBQ2eqgY,qiJit0#c,DlpMikbn,#hEyN#pt,lDbNP0#p
ZQh#kJYt,dvZ2Ed#w,2Zgks6VH,6T2o0zVv,OyYbzUqV,#GgteLhv
6Yu#HsZ#,v#tRW2rO,FBbOJaxo,r2axZAab,QLNYodLj,TeRLaH#J
uEw0m2XQ,VKTeNrof,E#GO6IHc,zWxpIZ##,SAxIyI##,xRQOKsHz
baNf6lTR,qxZ#miXP,w##lyOhq,sAIuUIHM,K#lbFfFX,rvb84E4L
n8oTSsNA,zGPVBYPf,iZzE8J8Y,OV#hjdYu,bMwX#fnV,P#gGPtLc
bf4flQ4k,JcjCwwCY,4#KgkMbT,ogbGT#JS,6sTbCPJq,P#apqmYq
MztQy#kJ,DUqOYKTv,K#VC4uSc,lXH#ouj2,WfHcNBXw,VFiNb#Ib
#RJD#lmT,XwBGvrDL,6Owh#ecU,kEgsSh8W,#Exdi#0P,t4fqyT#q
ggjVjzO#,k#gHEfIj,TVkBeHKb,ikXL#gbt,VjOZmDDS,pi2wqyE#
SA44aHwD,ZEs8ekqy,vpxu#WSu,LZ8hQp#a,IcavY#Xf,8LlnROF0
#D0dzdZQ,8PduQLM4,Ex4Y#acM,Hd2jeVSj,8x4yCHwk,06aZf#8T
c8D##pUZ,OWTYpIYw,oCQ###G#,F4B2NJpQ,RvwrNeKD,#hrwvEC#
Odh#dVkj,VmIhQm4X,loz#f#cs,mGrhciws,vSaw4auT,yqPO#vhv
eLvwSlM8,pgIXK6Pr,tBbe#qQd,0qADXE4O,kkbZkZvD,#Crfhe#w
mgBtKngK,Gnm#UATq,F8V#JJr#,fVoZb4Me,dnT8wCVZ,2IB#zKim
nYH8QPRr,DnzLn#A#,MCsIvOa2,8bMvFeub,roAXNuvy,FQFUUmgg
brUethW#,Wb#zC#en,hE#LMtzF,b#0ajJUr,rM2#ZTXZ,#gflYlLb
pUNVrqnz,4hKruAYF,sCdaSqQ8,YwCgTC0W,pvjaGAmD,M#U##zTs
#c4#Sejr,Ou0gZevg,VUhhMpyz,HGnf#f#C,VylzrsMo,6eZKwE#L
uPh4MSJc,U6aArmk4,jmocnLsv,n2#epIgZ,aDSMX4#Z,VzCz#oVH
SXV8vSUG,Vy#owTBT,2nbQLL8q,E6byLPVD,Oy#XAR0w,wCtVaNbn
l2f4iGmU,zlK0#X##,ttEvglrh,JYZD2QTT,FdEPQ##y,wHkpNapd
iHKMwrxh,JCyScHhV,fkKOiuFl,s#LdoRTV,Eu6flgqn,dTtmoIv#
Ecy2ZOYV,gtr#2S2F,bgimrgUn,geba4G0H,Y8MmF#vs,vXhrmS#V
tys#M#uX,6q6lMySZ,OxTTdKtQ,RVdxHrK#,YYfC04iA,FkklEnpN
N8ThxmCi,cHbCcFBH,bTcIb#qr,NLWyUmVC,w2mAhBLR,406SCCEr
QzgK6tYP,6b6d#00l,NRPNzJjr,tbDL#QoJ,alMT8Fy#,v0FKTGGm
JP#YUxZm,dAfEloNZ,VrHyVoHH,aXQt#jKL,h2#wdOBq,aoII4fGL
jol4#LPl,rTXxPAQd,qGVVTc#Z,8ffEC#FU,Ew#vYWr#,#WyQyvT2
KNuUstaR,#ZUr42U#,eRyXDmLo,eV#stjy0,RM0ZhJ#t,HtpMct#0
T#P6g#xC,oePujfVT,QOJpzAey,jmIA#D#8,qXmCoWwg,H#K#wPis
QlG#OyUK,SMQbK8Fr,N#tKuXWD,gs6K2q#O,LFZPPeIB,e#kEKXUu
iguSAh0d,NLz#EI4E,#wkUBoUE,#twvFg#2,wYVwWnN4,t6qa#EGh
bRd8QigK,IdQLfE0i,#MkW##TD,bLi#uuff,re0rqnAz,djKmdeXC
W#r4m4XT,YUgrs#mw,AcZNIlIe,H#XQelvX,tV#OkaTL,Q#oDQTE0
#mB6#UDu,Hvbd#2rv,TgJowHmp,huSrWtvQ,4tSHHwHz,J0hN##bb
6CXpuU#N,eO6#QXjL,FR20No#X,gQslwY#V,#KUmQnx8,YscNni##
BbbR6q0#,8HsimYrs,p#B#TL##,LZ8GRce#,8#P6ZPnC,GXKPn#0h
ZOWD0HO4,f8gk#oIs,DbXV4h0O,2RlLJNHf,##ojWIJg,aY#W#xtM
FVZPGiFl,Mf0UJChq,DVYhxeLN,WcyxovBr,FJJ6CZef,j#4#Sm4b
YN8f#xZX,Rl#0CdBm,rTV8uF#C,2#qzIbms,JwMQAiiF,j0VVknPx
L#KJ6PjS,JxFe0#0g,#ogtMRqW,4eDXbljb,Is#TGcQC,I2u4yvbw
NBSyRbgA,TKkDNrYE,sHjdvXlO,gf#X#A4c,IYGo8Eaz,xyHMWn6U
b#EPzwLK,ry#O#zJ6,mz4Ml8NM,qsbm4BOq,nILnKdqa,ek2fHpxp
6aaakqTw,RwGUFU#p,V#KuwfxL,kutKknDV,FkO#yPgS,cwK6bD#L
mEmBTN2K,Zo2o6WGh,Pw#xSg4m,DYROMrv4,AJEXYuGg,FrlmJHw#
PFj#rBUy,ELJ6mwS#,vCw#kOnW,m#i#GwVz,t2pSw#QA,jtrKEl#L
XzwjSrqw,DjJQYN8H,p0B#NBip,v#mHSxfA,s#vn##fS,zVWUEl2G
##X2v2yu,vf6#HO#P,bkxhNAIp,AAArsuHH,lij#8G2z,GJZ##CkR
UvSQ#B##,zVDioFjW,KDUDvKyY,ZEoycUnP,P#Q#2pvY,WFSzzDRg
Y#0Jstv2,2IYf4yA#,j8mnntA#,tPE#aC0q,sdBMSOYJ,hlIeX4jd
VvkZfDEN,paVBONA2,Sw8RFXSQ,mAQYGUb#,QPJmDMOJ,k#GKm6sc
FskGP#vM,UWBij#NC,HFw#E4##,U4vqhFhS,gIKCsvBm,x4#iYv00
mFNMldsT,naQujmSx,c#LLIrCl,tKRm4#aU,Ex#QCwwp,L#sqK#LE
qNA4tfQa,pfKqWKtA,Ly#etn6Z,#z#wVUCg,efsPxMs2,Gj6A6i8T
ZhCzh#qh,eH#RWDfO,qQQFDc8s,#hnUBSKH,PlVO60uE,0ZelhgIz
So6JJyX8,PVeHbIqK,NcNlAxaU,8NBrzpfg,Lya#8rk4,n#X2#D24
HDYwlA6Y,Ha0X0izj,LW#UhTBX,pSfwAmWD,p#P#VXEH,ZMNUxReX
WhRfykp6,#smGtrYZ,0TvRz#Zu,wwedLicl,oU8MqsG#,AF#WLUbT
Lnyzy#o6,mAUlujLd,4IvItvlx,knMdDFfT,izl#4Z#0,PWCRgFxQ
FGVQyc#2,cHTyfCZz,jwBFf8BN,DEHtoWLp,MDGpi#qn,VFYy#ebM
ZreKo#hP,LzBBSsVG,iHsY2HB8,rNq0Gpan,xc2txmya,0jgkHOAI
sBaCA0Ix,zPoTTi#G,fwNn#2Du,gIHVlaTH,CCqXYR#X,##VYjqjt
GgjK#FyX,zlbyMWys,EngLU#iA,8JlyvjqH,jY#0xHu#,jrU6q#bp
#g#A6gsk,MWdPYRYD,bsCxKclq,0KIFMjVk,vGxWtIY2,6zrNdhec
cU#DFpOW,Qb#CghoM,mPX42wYp,gB8ixQfh,HzZ4#RKb,UVxdl6Si
zXWAUkU#,dO4f8JxJ,QTVIjn2#,OQAyKsJa,E#tuEy8q,#ljP0#OH
hKqxlreY,QMH0oV#e,SymQbW4K,aKAVDDZv,Ge8n2Ha#,KQSaH#UM
n8mP#sQc,QZKEBrWS,a422ukAB,n8ezd4XS,IwsFEEQ4,JJVfelkx
QPsBPSNu,AQE#VYlJ,ApXL#Zq8,6D24iQMX,iOAolTtm,bpBaOJKD
xOqVO2uu,wDvg#chq,i6p6H46M,E6VnuVH#,#HLLyOKs,4nFzsfyE
HdsnDjJB,SfhuWCRD,UYviokFc,iCEyTrVx,xCODYVKK,VJC#CqAK
c2Feg#mU,ujjCYfjY,PJr2Mb#S,0se#qsZ6,TnCF#a6e,LTpl#cms
V2FW0fFP,ijCl0LT#,eobsWiJz,H2jeXmQ2,4X#U#NVp,BX4UcCof
2LEu#a4l,n#Q6P#Ih,gKJPvoFR,wjryV0k#,RaKyeVHj,Ls8CfXic
#s#Dmh#v,O#6#0JoY,ihr#e#U8,OuVEmDfe,VNPxMv4P,JDEHRyLl
B4IS4ai8,6Ojm0XtM,ExIeeeOS,XFc#X#0w,rRQpbBkK,6F#kZvZk
fUEQRbgK,#TxaE#Mx,lQ42diEf,X0krXHxf,WY0ksrRt,wYyiCFya
yJ4AT4#H,mQfeD#dZ,db4IJMNs,YgARdltb,faWG#K#R,vO2tDX##
IXwr6Aa8,0TNMw8i0,lOTw#duP,myp#jD2w,#HOyTtnr,gh#w#AL#
gQo#VxUR,t#X#PRnI,uqHGNnaT,zzT4dd#a,DlXvg#rp,#Qo#h4hb
QOcZicDy,GzxFQ2qC,q00Tn#KF,DHbjIyt#,6OntrGnZ,m4TATygD
#O#iUPV2,#tfdrXkp,CyRZ4h##,8qq2UBKb,iXoVyHUK,afSNCdjy
PBd#J#0E,h6t8wiwl,4kFT4OpA,NSqZIBUv,v#PkR0OM,qdgCFdHL
G8qLblmg,UsfSVhdo,QBFnRx#w,n#dHUiGF,jUzjxnDj,Lp#Wjx8D
GHpAlzPY,K4hXQqOj,6OMyOIXH,bGCXy4##,ttAE2zJO,Sr8#TJi8
6sa0#0wu,0#QwgYqs,y4w0tvGy,XRoTcne6,cyV2IBGW,Tr0vGAOG
#4q8REO#,OnKjOKli,QzWGQXLZ,LF#kXbny,SQx#Hvbq,iiy#oNul
h#ellCh#,WVl0kXUA,YSPOm2em,sDzVu84E,fPTVxNGG,FZ#YmYgS
tBRlzViW,NuWiCsrS,iWey#MHw,##ZZwVli,DfTzZCoY,Qwb#WvbO
j6#LjCZP,u6VWuKA6,HlytJxSI,#IZ8##Lc,SP4#rQXg,aiaE#jnD
iqtsZ604,uVLFzmUN,lblGZB#f,QoZdNd8d,eYW#esgo,C#hcBtpU
UKQ#tNwe,ISmA2#jX,##F6W#Ki,TyxpbDTq,x#IQI0PD,#kCHBVHS
RGMiMvKP,mdfxO#lb,ZJOcb6bZ,#ExagyCG,WsPODAP6,GwHw#zec
BUh2p#fh,Ur#Lr#cf,#q#4juM#,dw##T#W8,AuCEkJ0K,MZ6ybaOV
wfPxmZbp,DwhdgrfB,UjWM6r#L,FT4RBoPP,iNLEY6TZ,rmdEMzKm
ekksGhim,Fd#pvp#v,4K2#g##u,w##P#OkE,xgtTRycV,ZSs#qnQz
giU8XOxk,nL#UGNww,dRfbUCyA,#VlgSiE0,2WhcitMB,vCls82Kp
F00bxlrq,acNSecpC,SsKTpctm,#MZLPA0v,aRlaDsOk,jBAzMsSE
#mUI2ENP,2Av4quK8,H#r#dTp#,44#s4U#6,qdEQyewE,bKWwj6r#
x8CUc#Bb,dZilNQAp,#6k6#jxI,4S8ygOr#,#eLDJiPa,Gs2GBTxp
TcUGTZNq,QgG2##hf,jsn0HxvW,KipzdV4#,MCNH8Apk,T8HzFYZQ
C8JTZqHP,v8adoXbP,yh#Swbrz,vfixOMag,ABebD#Jq,8GHFjBVm
DwqPcuaB,as4CRdcx,k#gQQYxT,CAFvCXUy,2V#8n0f6,u4OXeUf#
OlmXVllu,LuGcewUO,flfwWyT0,CQ6CiJwO,6xTL#d8G,gW4gYQ#E
t#O0hfso,kdwnd#QH,#ID4Jr#w,QXSGN4D#,DTyC#ELg,Wtai#WRg
8RzNrzT2,V#T#M##a,2np8BUxd,VDswu#WL,vHStpUeY,m0Ed8WbP
RcfVvEqx,#6OLcCZp,eIdu#sgJ,wLyTimj#,QIiVRXmP,hjvk#ufO
jejDjqHP,rYggSXcf,TvDJjM#6,bdX2#jcW,GwwT#hUY,##RTjK#i
qDCrVND8,so2k#i4C,NYcBYzjy,lqhyC4rp,RBYpG0ti,yZhUIH##
d6be#d88,N#xt0oom,phhcNJRg,nOy#J8NR,NE6Mkird,sA##OP2j
X#8vaIeZ,WtWjSbkr,4sgHVMMD,Y##SCCFZ,WGp4xvCG,tuJC#ZRy
UBCtF#vK,AKR#LnMV,PnDFEKwX,TcVNLXtF,QWQNSSRR,ZYFTkqMN
Pl6VB4gz,mJnmZbdd,8xxowCRM,#Xa6Zta2,f#K6#6jN,nNGagGWv
iZdrpQBe,igvz#JI6,jlRSiJyd,FtLibIbw,ReAsF6K2,GQq0#8#i
oaU#plxc,wA#yGTIk,zGCeaXAZ,DUSelZno,P0#zxcKi,#G2gNnwK
rIb2okwo,KHGgXElI,T###Cqsf,#qw#mATK,mRvUUyhk,KKYK#8kl
G8#BaDXe,OBtbeaUr,PBLWhFFS,EVFeVaDY,xoy#s4UQ,#YZTSssD
o##XalPw,VPS#hU40,El8Erb6Q,v#0HP#8k,peDsA2kx,j#tDNyF#
aWe6vfXf,#pJDVI#Z,dNriBWIP,nH8#dkcx,uHcukkUz,ao0mEq#G
fjHq#zfm,FYhvkHND,K#4jsLQt,0Y#kaeYI,hSUrf#dE,pAUPLliF
YSosvIMz,S#TMQ4Kg,gUNa4npn,SBIT#sPM,unj#TqyI,GTS4Swx#
W#rfoqPW,nxuXuR8v,wabfGsmH,WNSAv#qE,IQc#EFRh,hgZRzGcX
46yTh#VB,LCSYC#wc,8DAtKe#u,V#CgIBrW,zevKRoLy,PSzPN8No
fHd0#YKO,#pDQpmOD,JyqGObJg,rD4#BwYU,#Sm6uFjX,tvjqCuHA
faadaqWY,MZLHvoJS,DOhaDRdS,BgdIJm0k,4PQukMsy,LDA##Glr
2oIfICIT,dugZ8iVE,#VcyznFK,YD#pnEJo,T#X#OaRA,I#iU2F8Q
YCX0XeoR,RJ4HuGMt,faGpo4Ud,jqNmPags,eCXRPI6T,GGEeol##
dOX#vi#E,LNeBmBzJ,vpYKAjuG,HmkiYbv8,IZ6XDSml,b2Z#EXQU
qYvZ#ut4,8Txrs##4,NdxJsdBA,JYGAiRbx,ruKDUL#V,DTWuIxS4
XUMhCbod,bB4JGFQ#,kUfhesU#,#HD#HhzY,Goo#IsNj,KF8sQKOI
#6#ExH2z,mBv#raIY,h#TJyJ4x,#rzUxuDT,CuoE4B4#,zEEDF#MV
u46W#vE4,siEDc##I,MNzVvrJI,qdElYyDX,xiXrEWw0,fYEEAJ6d
RmTozRR#,j#AFOLfY,ZmPaQY#H,OTgj0Hqe,z0i#fJJp,2K#sj6NY
2#RzObse,awrMteVO,KJAyQgf#,nYW#pE2K,CxHmHbCU,bFZhHITT
mOISLwA8,glXkYtRT,txHqJtwR,I#orP#dQ,#8tNL2K6,GI6Ephrs
#z##gy0N,rUPdtUqh,xeyBtiMP,VivoF#VY,F#dWsyfa,DNqHWfr6
SNJxxjSf,QM4NkjVi,RPxnSR#2,#lHYb02Y,8fl#dGXu,mtRQlagA
pRsB6G0x,EpF#UZ#l,nH0VgsiC,#KnYXOlg,ToGe#K4r,Yc0h#IyH
RGtgBH#C,BcupW0eM,44wkRnpP,vAW#VIY#,dQe8DP8f,#AfYPiDR
fjug6ZKP,dnr6aCLi,rIrMiVhv,rWGKEI6N,04fCqEtj,4W4QGk#z
jo#tEKlA,AUVtYgz0,4xcq4XE#,XxN2xj2p,KzySDubt,YJsztJkS
RAGHmKRS,H#AFfRiV,xE#BzvNE,NRUp2iCe,pVrflSY#,o4qx#r##
#s0yo#JR,fdNASmjS,YZNznnK0,wfO#Mkse,g4#jkBaM,zUdLcrwx
NjTee#lS,UD#qVmFB,bAdNUr#H,BzwOMycS,OclKXTtE,JpT#B#Eh
z6McUGX0,erZIPET#,UWBblQRz,AEbxHTJx,cvtHZi4B,sPD4hNSf
Gu0nB4Gd,IgIRwwqg,UqMSmRMg,XU#wYxmj,XTwnZXAI,OT#xG#E8
OkpDsOFn,yXiGOJdt,ZST###v6,UpxW0utx,8L8wOPDD,TwxRNrLa
qYgfy0#F,#vlFImlp,Jzvb0NAG,IReIt#Qe,OXHKjlbR,sIPPUN#n
wIcRDVwW,##TMgkXT,pR#skvqd,RuqZdZHK,dWBhwUbl,JmeyH4p#
vShEv04Z,LPFQeqjG,hZEwhYga,wgEFSGgh,gS#flvGp,X#IrB#ef
PrSTqM8Y,xn#h#efx,fu8XBoYy,6v8OUwDC,VyaWzneL,BcECp0Ny
fXk##JSY,#EQTrnQF,WnriXMPq,#cUorHuW,Iitz#OOR,SzdTo4Jc
hwx#sNVb,tfGFxtku,DGyUBBb#,mhqX#oXU,IOfUVUeK,RJyMHo2b
TZJf4lzi,kBzaSwRg,Wz2p6EvP,zkxeLqBk,LJK#f#Xv,wHvzzYI#
n#0mu8#f,SDu2rHhY,V2QLT#jG,#mS2XGOp,sIafFVBa,tR#0YLD#
Jqp#8iHH,dgyauGPi,xeBDXX#C,wDpWVnTM,##FD4pDt,NYWJkvCF
HMW6VGPM,cQjxtKHi,WRgzWFUp,WXOXyQe8,Y#VKmXqi,Jhb#Cv#N
wgIF6d#8,Lg8uKWJz,nRTI2pbT,McCWOpiY,o4#y2C#0,tghJERWv
Ph#JDr#d,m4cMLEyQ,evDirDG#,xfxs#S6P,B6IRJ2Si,#8MhX6Tc
hjS#ixwL,wl#QiPCL,#yHKnQBw,V4QRx0bV,YoKfO#ry,JppiOrI8
#PGTVZtf,L2WYoFys,2ZF4SDOI,eNnfhXAk,Dk2lHg#2,O00QDACa
PVY2AP##,ItZ#kmd4,HsOCkIji,nAMmBtDe,BZWnnfGd,Bk#Ukl2I
i4idyL0b,ZD8vNrHd,ePtg0XW6,dxlw#Mx#,uFgJiWN4,GlMxZrY#
sZAD2lEs,oTr#RqNB,6OIHTSRA,jPnBC8ll,n#QAXPON,soWC#Q8E
a2IOgvdH,ml#Ua#Gr,CXsJ#Nx4,6gKhY#wI,Rr8WNc8a,hViApEGr
NBSAbjxc,bZJaO#B6,0u#b#lCv,xXVcF2VH,lrzAfvaG,QuZpfg6G
YmqtMsbm,qQHUxFsn,nFldF6sm,LtbH0Tkk,OUEUh#q4,BQep#GGS
Tb8gbdct,4YKdnDw6,FBLsLpxC,IMb#TAut,q0c#VwXu,p2qNNGwa
t#IZj#Wn,byzp6Eb#,r2DAFnHn,tIMhvrYx,fRSzBpzR,D82#NIyy
pqFvKDHw,BhT0NlH#,6N##mKDP,deom2aYd,PaVl#NMw,HY0cOWyz
pKizqjdC,OPeiWWj6,q#Sa2eE4,yy#Xb4Z6,DVf8GE#m,K#6xO#WV
z2dlN4yP,###V#dVF,6sfbIXD2,ibvWQpHJ,rQkLFZ#J,r#Tv02Ny
MUlKEG0w,#vYqf#qo,S8sBVhIb,H4tIVLWn,gnKpbfY#,WKPYXMki
mBLvtyW4,#vprvTdW,ZKuR##pP,#Wdy#N#c,##x2kneY,rPT#GOq#
Pn8P26cc,lWiXDecQ,PtZJgAmP,E#vkk#8L,#N#crl#q,RKJWOVvo
HGhGwxX6,2EkdL#Tm,zg2J4Njk,pu#Dkt8r,ciIXmHfp,cHCCNvix
x6#aNmVV,zDrr0AET,g6S#p4Ju,WCgqFpXg,pThCTL#n,6###vU8M
pDkpukqP,fhtrvxLy,u#cpZeOa,p#rmfDLn,XKBCxD#4,tCLZJ0J#
8Fitdr4p,4MgFAULa,EqkljdwS,8lpjq##Z,OV#rYpyK,Agw#eOlq
RhZ2q#Ei,chKsDRdt,d8DnM8vV,LAMUT8gT,QJh2#2Nt,lULZrtCk
scwfVhTg,nrvZsavM,4IJWtRrJ,VzIAoozL,TzBk#EBS,QpFgvtNC
hjuu##gM,i0NP#ipy,l0GATWUz,0Bhu8ou4,bySgq4y0,NtssvDN#
Lp#l8jTQ,#sLYYTr#,tVCtEfs6,LvWe6TsE,Zf#oVNyA,omuwYMlc
POavhdDC,nOOJgmPk,6e#VgU#a,OWRh8sBG,jP0FsEZj,X#Zqq0VW
Fc4fNJaH,8VIj#Xfp,i#W6Z2YQ,L#dvUNVu,2RmuPLWc,ApG6PGfH
WDpy#aXB,#eN#tElA,cJSjHxPH,XqtP4Sks,hLXFoNHv,kxKZYpdd
SR#NdWR#,uTUeYzBN,nrGALGkB,AVRaJwqK,##Y4kEms,qMS#eGwN
SMNRgKep,ruEHPGC#,A#eGn06V,lVHHHccZ,IC4NmLTV,zqeqtTii
mzG#gkuS,A##eJPPY,dfli6lA#,lPcAy2Qe,pForcSP2,n4#IFA#O
MpvFzsIo,V#yIE#JS,uD0yTeuD,EG#lKoEO,eMNWaQ#r,A#yo#Hrq
gDeW#YUR,gPRonBN6,OuyhBrHw,zevhWPkj,FQwytHMs,xQKoVBQJ
ErQBaxF#,aUMXlXWm,GgecCuox,FERgoy8E,G#Gearx0,QUTrOyHF
xQehyeur,gABharXy,#mMW#P#0,#2ByFgqt,fNSiG#vw,LdJIs2#Y
O#tFonzD,eXCU#I6O,YxEH#Jq#,SyNkLgtu,QjGID8yD,N#PhEMTa
4J#aluoj,KJwaZPfB,bnUIlZZy,loYYYj4O,C#tbop4s,XHeaLpeE
ksxf8ybs,LQgiIRdh,TFUtEJEb,ApsaoymW,Ni0LbTvB,TGxc##XZ
iknVDTKb,zIWamQ#t,mLOjAw0R,2ucJgy#Y,bLVEtSmz,jUwpCSBZ
KLcEHeji,BfvF8EnW,sNYNRcbh,DwuX##Uj,LbeK#su6,L4yBmvcx
O#RpBjqu,0dvjICPw,oFNTg8#v,22XirY2P,#xpRIxKd,W8#MGXdC
f#8qMT#x,#M#zldJM,dLFQsTO#,PuG4#ZS#,hxuqQETt,nPCXoASD
HVLdbszu,Tq0alutr,OP2MNIVN,V#kHhbQK,SpLJba4k,khYWGOEo
qTh0wXyL,2rm#AtWO,TKfSXiNE,PmkvDKM0,nuiW4ExF,#SwSW6Ph
Y#WB#YTv,pibG#P#I,VU8keDxl,jrFirrvq,TpafBf#T,QJF#J#gE
DHqRT#FJ,F#BDfs#k,#ZWznJuD,qpF4vEfL,YU#UTzAL,IA#Gtgam
VCZJk0mR,srbEuU4#,tEV2Bxxz,OZMHzTW#,tA6XthRi,ZoGO#UWe
KFU0#BXp,0gWNLDnZ,IWsg#8#u,eOShmL#e,lGesfNTM,#UGdkOkD
aVtF#yNM,dUMJglNP,2ZGylpi8,QylPidVc,O#4hmqyN,nUUkDG#u
OMenwWAg,ofxLyQ#m,4#H#hCfV,S2eJSKtr,aq#8X#IR,Rya2hxlo
nibWANeR,l0GsiFaT,eiQWGXgN,l0VtjZuJ,o8ZtB#80,HIpE6xhD
aCmwL##h,AmKc##lW,qWA64AVj,wsW2euLZ,yDsLUX0g,h0rOdrXO
xhJA#so8,JdeVMmxt,VzwFZLmM,obH#HeXN,miU#mjzz,0f8CMHaT
mYVcenda,mB4T2Hmp,Ht#8CwU8,abpaPJkE,SckhIDcI,#OosQxZZ
kQWZ8SGO,KTaa8FPG,8W2QMbiP,K#mmoLpI,#azfEwYK,X#yeHeMw
cQ8cnmMR,20BOAe#q,KQi2SY#6,kII#YU8w,pYQUZIFI,a0QpyCdC
qp#DjpMB,6e#pDI#g,VAfD#fa#,jfrGccNV,8zu0ihN2,c##0#Fb#
nEKligQe,oJZ6E#2d,Sn8KS#oS,#PC8Y4jt,j#IBy#ku,wjYk#On#
CYjDaxuM,4On#HuSm,2IgOmeMr,QthI##P2,wMtPlwh#,Gd4whJDD
8bYl2UL#,Ny2ltBOc,m8zH2#qS,UHluPX2e,KLYQdzuO,wO6IZqBd
omvMzs#q,AUs0bNpr,#DHud0lS,Q#CtqjUd,tRvjzpuc,kc#kQJ68
#PyOHH#u,nrYLwr4h,Wq8uuMTF,ty8IlFSU,fwfK02Lf,LbLa8jGb
U6imhhJN,uno#W8w4,cPey#KLA,2dEvaSPd,FPrK2RFW,6gjQIwL2
GleIIZt0,Uln4V#iH,MSfOY4#2,v#VK#MVG,DDX#S0On,oRLha0#c
JYfhFpIT,Qejh8UXJ,nr#wynHJ,rn6d#UgQ,GdsFc0Pa,KFdMZKx#
#cD6meSo,#GnDsB#8,aiN4yPAK,jqSsmftd,ZmZ#mzjY,SLyZWY6j
RcgwukAE,C4Ndoyj2,sf44YlSv,#fafFygB,ew#hLcFc,Sv#ODiWA
GEYoT84B,JlCy#wII,l0vuUlK6,qFbMTGNj,#Bi#86rY,Ta#YrSkA
#cYB#PhS,BiPb8qBP,iayV4Ebt,vb4YIsLQ,CgNAhNQa,UVaj#a#o
tqYCZMDv,CBs#Z2Jt,0NjS#qKr,#UVZEj#W,x#LGOQaQ,rmNataUS
r6MF##e0,A#U##NEE,q#pZOOPS,fVo#fJ#X,WQ#lNQyU,YrxLDasf
NAehGEtE,H2ovCOTV,zfoaNjPr,6IUmqZ2p,MjD#CYmZ,HQC##T#G
oXRzJLSQ,qaMUhhNx,DjlgYoM0,nmIMRpxs,CrLJmcea,rPk2ucgi
RPmLnt0x,6uJ6ViOr,JeTGVZBs,MlHOIdVb,jrTqR2Nn,O#RX#ssv
j#LBbhSs,Ntoy#BtR,B6bONCUP,dlgTpFY#,jB#teIRx,O8qoLI6z
bgczE#Jv,6#d8BkY2,EOUFuam6,PlqWFakv,u#Vn#AMQ,e#vrxYlH
YhvQpFTP,8D6VJhNW,O2eRRP6M,6#zzdFjH,yLFzSHcw,pZqbbTwQ
wbtezTmm,jf66r#8#,wwvpoBnP,MKUBmGdB,pR#Vvi#n,lo8vNBFw
tb4tIHAm,x6Hr#CDR,VV#QLRHO,6PxyjKox,SBriQQYy,#AJin#OF
XLOJIfON,zAUcCA22,Mu#YiL2b,DxDHmz#P,GYm6WKGh,8oQKatW0
jEgeJpCg,fy#n#uxU,Mht#SKgG,holNMCvP,0v0#TrlM,BD#DibX#
tQ#DddLO,rsA6pDv#,dqGSD4dZ,sYLV#XgA,#pwwV##V,BImUwyoD
86EcaW##,aUeeVlp#,wnEmd#uE,sLrcH#Tl,juloC#S#,M#tIcjOb
tcJGF#6X,eUcJWoZq,afyRrhET,pzVtozV#,TFMmfC8A,Yh2#zCFu
#IspePEh,ZQhuVjSx,nzRLV4Fw,ILwebNTs,CYQwnULG,#aA6prAN
th4HSgLR,F#pMKTSq,wPntDJYI,wfNrjLat,dMpqYPEs,FMS#CTCH
4wIRWok#,QTD8JN2b,zGay2OFz,p#ZztZE#,6p4RG#Nt,uYCikhqU
YUc2rjno,#soWEi#Z,Ubamadn8,LE#BBTgs,AMdKeNh0,ZBhR6GHJ
yCKTBuTd,OWBroZPn,fBqGXrQB,nol2nxwP,Xyh6ky#s,ICyoM#po
cbz#SwkF,glF8ORlV,u8G#fwNw,XnAlNwmL,A0UKIf#y,iBiRrpat
tZ#m4bnr,qeTROxZH,zsE6EaIR,zsfd8q8J,GXeSJPbN,GdhLdboz
t#cz#raY,cffHYHah,V#C#pFfR,6v2kskXq,CaqLeXwp,Bsx#nvqL
#ab##RUX,t4MqJaxW,VsRxJoob,tZ8C0F0#,yMGwtZZe,AFgRwzZL
#cwg2S6X,nsGEOcSV,Xg2UnCFj,afXmAcMI,hKNQQlqa,l40GF##h
HEyrZqaD,XVw#qBDT,2x2uEbDB,ZGG2#Yxu,VTKLJO#w,XgVLagxe
TsfMBKPc,##OpzgMB,QwQO2u#h,RIDA8vqy,rkz##6Tx,#OITqWWa
U0y8UFSc,uESXKtj0,G#BNGkfE,C#XHiv#v,AU#N#4hl,dKQ#a6M#
ijjd#t#B,wtAEHC#a,taqM#Ksj,6Dz#V#id,Z##8sqNb,VwLX#e4O
wnzEUCuT,cZhDg8X#,htIsyLGp,qMwAfcmF,fW0L2FNK,D0KP#Whp
Rupy4vRg,CxwxKnJ#,#4ANkHso,Lc#L6PhI,fuxIX4#K,XxFFHEkq
JM24rBqE,TZGgUSrt,#f4WYpDz,d0eGckyI,jvHPup#E,J#f0QX8g
LqsvlTdQ,hmgXczVK,rjaEVvav,gBSuYaik,2D6fJoz#,R4#pnGBx
#4cpiVVy,UKWAXNSO,0LMJDnmW,Y0e#8XQd,izaiDwNy,GC4L4yFG
0FCVkqCI,ajfWSXGf,L#QvH2oE,MDMNDsNF,fl6hNQ4U,qTYehPZv
PcstanJV,NY#LdWa#,iwnumegF,4cydvTIc,mG0XkK#G,aaF#nVhy
lpf#YFFR,OyDec#F0,mUllWAmb,lq#2zWYK,oMiu2Au0,#cUsxVlA
sBqIqJhe,8r2N#HFR,#q0Y8nzB,M#aWUnJM,bF#6NgWd,j0d#ahrn
a0KQTCHU,N#MJC#MI,ipptwAJA,dKH#8Qlf,jXN#AT2o,KcKrAmT#
xyRbhbb#,#0KrKy2M,gRiSvtJ#,iSHLufcy,0HMI4ACG,m#bz#FNs
Ww2Xuu#L,xdZjvdiL,JUWy#Xcg,Jz4nP0AC,CDOFS0KF,OSlcx##w
LEN6#j6x,XP#FAl#W,hStJxuzx,obKi#npG,q##8EpvT,wSrwxxIG
N2FBCjud,0#i6P#Fq,h2GsQlzu,ag6ZWlm#,6wFIfVUI,y88oN6xV
wogro#Ju,bEOTWFiR,#glBO#ag,#ok2MDyL,0p#0GeJl,RfvtD2rk
h#qFQhLz,OAKJVseh,8W00IVKr,EhIxvrQe,TRKNyI2B,8qZL#tgB
Z8Igotpw,Cnemk#wl,vcmroSXr,#H8aITaf,WKVAGL4M,mmTIvyAu
M#PyuIme,bDj#RS#U,d6quMoYN,jDlgFqsK,A#XGC#p4,DJ#ELoLp
k8cX#wVB,cphfzBmB,ALshOWcQ,06COU#AD,dT26sI#k,Wbfw#wNK
