ehcGOqwu,nuNqjQbu,pc1qvOi0,5I30foTQ,dAejSBUJ,bVZF2dFL
OrTcrWtq,PC3bSHKa,WGDV6i3E,c34dlZl8,Ax2KPaZt,OByywgo9
MNm6GHWS,GZwycHnt,seByR6qs,xKdw9I48,1TS5UVHm,5pQ6CaM6
9ibLMF07,CoBKDEbc,SgnyYUJf,mzCSfMIe,nEANb9pe,m7kHw8Hg
whticGrC,ZVY7QcHk,pumSakyw,uQ5ciJxB,e9PNKYjm,TYE9MvwZ
P0x8KdTk,QkaetOg0,FG8cvaqv,ZRZfht4B,WH8XUcx8,84C8Ykae
UTj0r3pT,YK53cM77,bYQPxskS,t1RADDxW,BXf96KRH,Jbe3DCc8
MU1Qj3ug,UiEZQ27r,4Wukb3SP,cywrzDMA,FR9KclZQ,sCZrJDwI
znBB9cQe,OiVVBe60,slxfASdl,zehgOhgA,rFQ8L0nP,Sj77DED7
clseDi8s,7T9ecxMf,0DNA3szS,VIPBWZeP,x8WQpi0J,CjZmHF6F
7Q3eZSiH,T9IfnnIL,w8ExQYYT,ZsZKu37Q,TMzB98zK,p6zlgxYF
0VQlJpac,gLxG4Ijp,pBecR9UT,yUofEXSU,29f0q7Jc,NY8wEP0k
MdhiYeUE,9nzl7wn5,8Ps8jf5z,EsqmRKN9,y8LaEood,q5yu2sE3
Cr2TaNKi,da0vbyun,ihn92wqu,XJmOkoIL,dSXRqwZY,ZMpXMEzv
K3RtvbMK,ADgehwqb,Dxhar4kc,nc95S7Md,WhjqNpYd,HxjDJ5YM
GL4G8uQa,0AwlLSm4,ub4ft5KV,BHGNQOrb,hGz0c5hz,IGRKgDyM
gGr1Nege,BKECMroT,B4rFPFAF,ze0i5P6F,LxEhQxcD,ALonflaK
fxOTrWGH,aTfcOO50,ZSOZGNax,b3bzdYmq,lgJiuRW6,1tPwlW5F
OOCNgHXt,qqHYlMM1,nVqpiC51,LrSEe5KM,DvfcNlbD,DqUfgxuw
GqfPyh2S,K3ZKFkWu,Qj5pFeJZ,xKh4a7lO,xKQ5QiVm,GrDjwAqG
xTQnBHte,GmzPgqjL,isyp0Jrn,P14p9fI6,GhjLrBo6,uiQSy59h
Qm6BnksM,ETxliOOU,UyrcH4pP,KyQbAV6O,7apJwZpE,3SsXBHLb
WLt2F5nK,kvny8BWy,wiRku8zk,pKFZUPcy,USxuaMqi,43KSwkow
aBXa8Xgd,VfuuIcoc,AReqUq1Q,KFkxiABL,Xi2MpH9C,lYDZRg1O
laAndrru,KdHqopkW,UBSeUewY,mjnZ5kUY,JRzNmD5J,CoUPviYI
O18h2uOs,Ic2KKFaD,ZIHkxiNy,fyaLerLP,yJoXeNkr,zQb5rB4l
DSHmVNgV,T2w565ns,D72Ezao0,NLaWktvA,QnqTTr6p,AAkSh0Ie
SXVWdR1A,QuNVmTsv,FQsM56WU,luJr5nIj,Vtuw53xN,CLWsoR5S
yEXXZ08j,gB6VZN4s,T8owHHQ4,ymUBeNBA,HZFsVxFQ,kLIRMNJl
LRZO7GvM,Gr8ODg3x,Yrx3Gmi7,G4YnqSpN,HTmOxu7v,NUEVudkE
wO1tGZS1,HvLxaEBx,plaMNa5c,Qc8OBeGK,e4eUWeez,tLJidQs4
Kj5uweyF,ttx7DUah,QffIP3WF,MoQrx1Rx,kDnWeHmi,N412K9gD
XUgtL6gQ,1hQY9iWl,wtnJzcv6,PK2Dhu0u,Yj3RCnu1,lH0s3BES
96Zl6iET,P5E5Q88R,LdJRDIrR,9WDojc90,52GyWwHk,ZknCj1H7
BmajltSE,0gIkVzQW,ieLT1qPZ,9GT6AZgO,uBflHIgj,cpjyY4Xa
7BrG9crX,QPMBfJVX,YGKvWDms,zLEHKr9m,BOjy4PlY,KKn11g0Q
iAQFhjOg,4Z1S6WIG,ExFQKmPa,riNk9aFI,hvIIhEbV,5N1STVn5
iIBlMDNI,qvdXKA5a,R4dKThKg,kC7oJ3Tm,Hr6yVfsg,OZE9krqq
Y8FxkCMF,T3hggPrK,s0gzyFIQ,XQQvjbwQ,eO2IqaWi,kERgRzdk
igVjIJgM,6k0ACwJB,e7eagkMS,dTGV3bek,qVCOlIVA,dis2popT
gpwQj9bu,URcPccHt,qFgOeBww,amuUZwpU,1jfE2Xz3,pS9A0O4r
FuBuVFx1,gPWBTAGs,5duIMGf7,O1Q3im7o,ZykOQGDa,Um9QieQN
HkJkric5,NgyULdRR,VJced8z2,lohWg6j3,UKRcFUAP,hgBlzFoE
JqNn2W6G,yTksvSYA,KWPgRlYI,HMrvcvMt,8FJkBA7R,XGdTbsOG
i39vQFiE,skAtgfF5,nyW8OPsM,VYi20Gk7,2PNxOSDo,MkzqTkR4
e0c84rwy,skulT93N,b8ZoUXVe,Z5QXoxqe,YNwp7LEk,PXB7q6w5
AtaoTdUE,zGc48HNp,hEArtmxO,0S9PU0Bl,6snau2Qn,2PkfwXod
uNiqDWpi,PsOz7sTt,eGBi9k3U,9rb6JNOt,gYVsllwy,3OvVOY2O
jBNHcYdy,gGthKAm9,E2SFjRvr,B9SETuHm,h3qGLThM,JPZkf8YE
MgCWPxFm,N9Y2zaNh,R3j4bqLw,eVDTWhpc,MBKdbXrR,4vDuEk6N
N0tfuxS8,lK48qilG,PNmP9mvD,BcH82xOk,qv7y7nX8,4WrMpmPx
xtAgmdDq,C2HjqTrm,JA2W5Fi9,Kd9LY5Rl,n3ug3GhC,QHM0pc9K
70mBVcZO,NgGIJURK,B5QhYGfn,BDHT6coW,eKkxSBuK,pFDYLfqf
E7Xvr8RV,mdMXsCiS,MJJuRLme,XsUpIPUF,COfyKt7H,g0O0xoyK
Igowr4RV,uoBi3rP8,Kewwvh3A,pgGnQB95,wM3NQPAg,672tYwU3
nlVcc2E9,kJBcWAvu,kYq5YTrp,E94G38fl,GnscItLx,C5GVJ7Bu
kgiDGuEE,xlviy2HS,9wpS2e7k,xR64hPwD,u9xqm9ly,MBhM0Luc
9JA07the,VU2ZhrJ4,J7PUWcZn,70T4DxXE,0a5NkMew,9zy2OOgP
XjeFAryu,wYBijDjo,C1zE6aav,3jbRuPnc,oaHDhz3b,97iAZEFG
nLQ3jirF,CRuzbqC4,ZC8IfUAb,dgM7Fcbr,WNXhY4KS,8gPRkZrR
xtOKdRh1,sddYp5Uv,zQ0ySXt9,ITKMQffm,Auphkwtt,Bvaly8cw
A7tRv1Gj,JC6hYYmF,MdwF59k5,mLHfNkSO,LOedoTeY,N4pphL6B
ojKbQ3D0,4KGUYFyF,rYhJEH4y,KOgaLun2,6fMx4xg5,tQWtVvvp
NivF3Fid,ZmxTVOlE,2iTlj6j6,Raiq8yPj,z4hRB8sS,JkQe3Omg
vf20Wx7B,dEQWY0RD,EsWQZKx5,B4NuXhmH,Bn0cNyyg,VvDGoxCW
gBrLWcaJ,RIbxxemO,NZMbCNlo,Pg5p1thT,CezKuix6,kBbm7Fki
QaCMmjW1,jr9n0MWl,txQOPx32,TjegeP74,6HjH4VUr,XK2kfIpv
JYWAagtF,N0c9II2m,Sez0sz5h,kKbzh8q6,qGjBWzl8,ESHgHtPb
FfWK0s1F,UKoKnwHO,aPiyr5PY,NVqHTBXO,Hj3MBFx4,RCaF9Vyv
4gQvxqVg,dSgDKFRu,AQXbIVf5,RLwzXfOS,JTIs1N9z,rs4H6tqp
phAHIGih,FgkxjEnY,1nM96DpL,mWhUdPlH,d1pTm7C4,LbLlvwFc
nxMGFWgU,9bzjrpkr,pIX42wHg,LunUnwxE,EymGS5sj,dNZCpLGQ
1WV9z0Cj,eHsgmWUP,rWUo6Yr8,5ee0Dkk7,2ttt9nMw,udeqZdqK
1tfY8RuA,3hibhfWW,7ALVqG5c,mEAsBmvM,bj2RQySX,Zqxh0epY
IPag5Qop,XwNSrk8M,EZ8oZx6e,iYsKK0ZB,nSEB7oZ2,qagwSr9Q
X6udgUaK,HKwRc2v9,ph9ST7hi,bO4rLVTW,oPZusZtX,qmMKWe4s
4xOoZX7v,6Y3vdECS,pBjU53SZ,X1Yp2QKW,QYrpTrSa,F7xZu5QJ
bSO53u1d,w0RHfSto,DdOm9Rf3,gQIHrtid,J3vnTCU5,nF1SyI1s
fZ5z0F6h,T8m0sm61,KRwBOTh8,TAIgRctw,VDy5sjy1,uNQpM9YV
yWCIQhXn,SYYwmu4N,oBOu3U33,gFc65wMo,Wv91bvWC,iqzcGmjt
B63p40x9,i87LdvFr,0hSKrjle,n6rEXXhM,e7F9N07y,JYYCkDa0
Z38JLNFK,dWLDTNsX,NEmGCo2x,T8UBOd0U,zvE33Dkt,j6PeyvDv
DBO1MuVb,SpNmvBBY,RSwheY9L,AXQ73uc9,EfZRi2IA,bstJpXMC
gZp5Mbt7,InuChoz0,FU1ew2aR,75grnYc5,fH26D5AS,3oDDhEAC
NskgJfqH,azdewuaH,1sPlLnEz,kd6rODx0,FPTMHuzx,MxIBetIp
43wYni6I,jHMMk7WK,2UOhPO8A,ZpSPmBIf,0TP4BZOS,oZJps2oW
w1479BKm,fTsp3l8s,edimuFAI,h6E9QZEw,9RJCq8IA,2yfKer2X
i14E67aF,bQIdQYey,zAsRByqc,UVzB6v0X,cEAUwRKX,hfsNxD3d
Xijt5OdO,g0I1FkTS,NPD9CsXx,6SbyX1XN,HqXtb6pR,Z6EB2Ur7
sJXeuPEC,3vcRuuTD,i85QVYHO,6PeBYMIT,7Gua8FIl,44jK4AIA
cblb9N4y,FKRTCl7l,NEKjy9GY,C3oWNQ5C,bEctmK73,POcfUNMx
2wYgQ7er,DfcCPq2J,l38CtWWe,HCQIgDF6,vvNe2Gq6,xOE3vi6c
SzCg6JzD,ET2Wt7r6,4AYFenz9,KnW2Mekm,o3wPUeRL,gpwBuhcG
ru7L6HQI,M2YIBU2F,DmRrxE86,kIThgIhC,jYFoPmsv,ShvLLICD
k9LWIGqQ,n6a02ESm,n67cWu0E,JjdQjSqR,RGkVm8dP,ZNwrdxwU
4XFsupBp,8ce2TPhl,hfm5uIcW,ad3jExu6,Xbshdysa,JIIaqXWG
ftiAnjHu,RF7fNDia,9FJiFCkI,7Rxp767g,WW7zfRS2,FsPjHF0Q
eNHfPlfY,wv2r7nOV,pQYxpwIx,YYzudeFn,BEcEHK8l,BMQDnfBZ
P8kOjl4M,TC4UxaBJ,wVtBQ1ZR,aVGiacNL,WtUnMNqH,AxtDLUnK
wqmYMOQZ,B5UYnuWc,35CQIpUZ,7adkL7kq,2IY9Xtcy,87Mnk9iZ
QGaBXUbi,onbd8vxn,tcHt6aVN,J75b0Y2P,5gOvRiG8,3BYNUIZY
fWTraXJa,lOt3XKw1,6oqsb7wQ,SR2qM73i,h3jMaSmo,JSffCkks
ubgn25qJ,cfVWmW3f,Pky7XyPm,vAkKRcTg,4dXIcVkJ,mNAT7nRk
uupFcnvI,ZK7DXp6F,03taI6PA,PBgUDkux,YBl0hAd4,75kDsgH2
aOkXbNUq,OKKG0Gw1,IaIqe4uX,Vomk5em0,ykE5GNma,utUOiKh7
pFnbOLBv,WVlCxCrb,tSuBYJWN,f0VsjGdT,6BJFiGE1,PgHApqBf
7DzbDpZR,FtnNuzmg,gInqXHTZ,HtFral6X,Q8qnPbT2,I1HH88XD
420lHNpg,uQzt3ImZ,OWIxqtXP,0rHiUkZF,qSPwFcmq,vReUTesU
ldVccDI8,JSyWcoAG,vMWKt8mt,QixoDTW1,4GF5x0if,7FmKFLED
lxV3dPxF,qdUQ1p1z,283gilDr,SidoLWcI,7yohKPEg,t9WDRwCZ
7kwL95SG,LcYsOdbx,lk9cl4CI,6RMv1NUO,vHXjhmyu,O1A2Q70f
cRkBhBh4,p7KFUC5r,AmYzgR2D,AcDcxWwL,qkgvrY3u,gjXAoR6s
IaRHlwhK,iVp3TnII,85wBlvIq,9xapTJGT,FlCsUoId,8ksBOSGM
bQATR5YO,FYbftE1n,kNTCAgEJ,dGcO3ODa,LRW3Pc10,pw1ogVcu
btt7Aw0o,912jPUDb,TMNwr4zt,1ifpK6AZ,hoYDIc0q,jTJCde4m
6e0EMRSv,oXMclPQ9,bTytIsvV,NMpQBf3c,vZaDiamc,MzPhiaFg
S87LX7aA,OoZnSSOi,lFQwZCCb,cWeM6eb6,N0gGz6uH,1MmZOzXQ
8d3mLODh,OiR0d8rh,Ud5vShRM,NoslH1xA,kNucB7Hk,F3BbJp6J
jcyZrEBv,vnxj0u9w,KvpXPseo,GcqPHoWU,l1dugYSF,xXGWU3hB
xA81Kk4S,tvb0y4zk,3iGfrmHT,4LR3pjxq,Uvbfi1Q0,gvseWODF
4oKq8I9d,96joh9Tn,O6Ou3EWN,N1bCjntQ,SksDvl1M,TYCUl9QS
4AAQdxxp,akJkBwUo,FQhRMEtD,353iEU6T,VSEyYX4k,jq8Cx8B5
BwdGlUuF,AFfYbrwy,pzUug6i0,EpGbciYa,c5yWHNbC,D1onH8iu
pyT5HLVl,1IYkWTsy,drcDt9yv,FNTXU4QF,YwLBLAbf,tvBJjGNi
7sQBobsi,4rao9b96,83HefsVp,jDgBnsFs,LZoZjjWW,EJwCRZK7
kEdqdB3c,upfZM8sq,ieRUM5RM,4eS4vymA,9QSoqWr5,FZlTpMut
Zl7cNfrp,B3wSdWz9,uloZaPrb,5yBSV3c6,RmTOXkSh,leuCT8vS
El7nC55D,jNuC6jq5,4Hk0C8vd,MyDxuxYL,6Ncf8EfO,hF2G0dWo
dTLQjpD3,KK1lZqGU,wiU9SFvr,e8OpmIGR,scdfvvlu,chMRXtb0
I6krOmrO,8ixL8pi7,wmw2KvxP,PPLDXD0a,FP2qhavf,bAQPoHeE
I2bHTTXo,6dMnLMSp,FI8qTJtA,poTHItyb,E7tc8ZuI,jUo6xNZI
ISPBZg9X,5mhzK7Jo,rODuRvAH,1u8pkVzV,Ic57fkDb,1kjqXu2A
VEuA5koy,9ARvsQYb,fInChpKh,pgdKAOjb,ZekfQvzC,U33tlCYk
i77JzNor,9DaYrRgx,wuc6Hh2q,FfYVcSec,dxC8q8kr,vnk1bUot
BRt7FueW,Lore6z6O,OzQJXUmU,jYP0Hfjr,v4IBDmYV,jqKRD1fK
RLVYUF0W,bcUiccAm,rMYpFjKR,qQTtQ2cl,TI45ParO,KRpNkpn8
gmQvWQCg,aOuhGdeR,CdrIdVYi,Jk8V2i7p,ZP3bbB5i,4n5N2a7E
gJXoT5Gv,Pu8Fjp7L,TLZrJfDZ,trSTZzij,ceV5HI0c,yhoHiteY
7B7k2qSx,73bp2ldf,IHWY5P36,A9AdYTVE,4ZQsqFY0,SKe13KUI
uI9tWXHM,I6pKMHpf,yfve1apo,LCw6qBQv,AB9tkHp1,diUUMAvT
LXAlkMbA,dVrX1ohd,8btyM0lB,1VDXQW73,eJtezNSH,xlktAosi
s5HnVO6R,fTesPiQK,kioLOQuq,PEaBvU7Y,XfkHVjte,PKQpyQGv
Zgd6LBgV,UdDZPweO,nAbASfuM,Ap5xX08U,M9FTt12p,nlIKbQee
dfGVg7CC,k9ylbGfL,Xn3NYxyG,HNxl3HE2,nCMHdOka,oOVy6scb
fLv5pIcs,EEblX19K,wMGDOK2q,mmudB3Cv,1cZ7nOLC,P8oq0asi
tJdJ8AiX,5oRih9QM,zkIDMgGL,V2R6a5iG,WoTH3pYe,2vweO3xN
GZzEIFKp,HHOzhU4t,hOvp4VgM,j9WjlkeG,odCBiFk2,UK7rcdC2
hSzW8EOi,kc7Sp4nT,qtq95EmC,0LJdaKP1,ShOZbDxu,E0ctRnW8
WtIoP12I,W7ztGn72,PwvtIixq,6coFLIRI,30lo50Pt,P5WnQiGe
gnw7i2aW,jNTJZ4CM,K5v4Rc2t,qjKvt6bK,UVeOs9Eo,nd1UX2Bp
63wXa3Mg,7dOxyhwa,C2FzqQL4,EEszQ1YF,BVjy1vch,cyKhYEsb
tjsovwcC,mLROkI3x,zbGETDvP,hiHRSzuG,V2ouTyyA,EunEb5Zu
voSFHqlM,uaKnkUkZ,9kOd8MNf,cp2NjskG,RYLHZFSw,iJVK8kHu
d6pYzsh7,RzWQpbky,bqUb5Ej5,L9NpGLH8,DAW45pwI,8IFP9VET
aFBPOS76,BaNvOFOe,RP5Y6Vmx,w91vqkis,neDDjTuK,Fg2FBsNj
RZlWCyKw,lgPUEbGX,ZEymSdAt,4nqzmkT9,WJVbTbhH,2McsisDP
0A2Qf2Hr,a6RHfR3e,S0xcba21,khXhDgjj,JcKbvNtj,h43BhdrA
ajPrtGtA,Yd9ylgld,NcBJYCBL,ritEf7Pp,9T5Pi59N,x5c5vSH3
5MFbOjjB,uslqwAPF,zWxumbsq,sGl0FAT6,BUgv971E,8fNm1iM6
5enx8wBm,cEbZFJDg,picQtLz3,Faz3TFDA,xHcqua2z,fjBYlWqB
CqgX8ZBc,vk4C6j6H,fhoEbofl,Sqd6M251,EtdrH7ak,dSUpaUvr
7gyBalxc,095PLR6H,OAQRMAVn,DXgLZSgC,aHxc28zi,zw0twD4R
Ds2cwszu,7xuyCLxc,ItAKoBIF,QOeLth5Y,e4wl4XOc,R9ghBN6m
mcF4DbEN,in0khskE,QYm6anUz,wcCMaMHH,ConAJMqy,0ttmrekQ
3QVMatHj,5ZjxloUd,Q2pcFiLB,6wBbZTfB,gGhen6WJ,uqqfrLEk
tNWkYj9y,WrLDAJ2V,hpDRLhb4,MwGXUsP1,wOY5T0z1,RCRkpNpp
3ysoGO9c,Kj1ocZVr,J9gwSniz,UDWFKQkB,KH9NZMUe,k0RvG3sj
tsw61drm,uYNQ3m01,3SNc5XDM,paPo5J3z,XAw98VhR,n3hei9EJ
MZzxAH5m,rKDVN1Qi,ILlz9Pu4,0qVknCjS,KCBH5S6p,EzqAvAUP
E7CULULI,y6szZtPU,HbzaaZzc,zOayjKdA,OJP9dlSC,NWlg5mmR
zMO1tnC2,xFxpkG3m,VhIWtToi,yQkeurHT,nHUfLAOQ,wNChSvKB
ciVNSPhz,YKFboeri,5iUMVlwn,RLpI23xu,P4eY6EC0,Cf88UlSu
QbLHC7iX,y5di7vHU,Tg7gXy8x,QSjUAr7D,ZE5pM11z,glfvOw71
i1fUZVse,cgZ0l402,6kGY6q03,2cCSvKox,OsovqzsO,ui6zTL0O
e4XF6Fz7,eTg1TgVH,4eNqQIjp,a94WxayY,asaAw0K0,fmonUr9J
0DDcawyQ,wew3a3xL,oziKphiU,RKWbEJrm,cy5mqf8g,wgUUFHIa
FEzH0Bm2,jQeYJfM1,GJFRd2CQ,f3C3MRgq,fGXDQkQq,IDfiCoDL
GnsluPnY,mOyjBp57,GJz2n3X8,Toe3suA8,dGOXN4Cs,Z1lC5DOP
g2s7bzGk,vldARZyF,zI1BzgA9,Jq71n5EA,H25ysnGC,Sf5OcNAQ
zDObLTXm,CYSCeRZu,IItPt4aw,VcYj3f7V,I1kP5EeI,sOTJj5Vm
NLf2rU8H,Yp1Mrls0,YjhdadFz,5nQOpRgi,67NnvjCo,1QaY0VpP
iJLP2CCl,9eWXCnWx,zEWIO1eV,6KRA2JOt,7vqEalR4,QSjYcTbY
Fjfbfk3N,TPnvdqWE,35pr2bPR,j26anA6h,k8sxpEmi,hDD3CBjF
LC01En8x,iDYKc8Yg,GgfxLq13,dEthV0Y9,uEVcfqIl,tAB0PxnQ
1z5RNYqf,qjwSWbBl,zuch3zfs,ZOJ5ggqp,mjmX6b8K,c1QauPMI
TdaJWKeV,JB8HLxns,Tt9vP5nZ,At39wq2j,H3tbWmV4,GgOxm6aq
ALgP19rn,xSl7YmVu,EiYvllr1,LtggWmWN,4iWj5slL,JdbkPoA1
Mz39Q0uQ,ivO60IoG,l13WNzOd,gXHVjd4I,UPEAvuVb,PKrnnt1N
fbUvb7VI,2pNnrp2R,1LrOV8GM,9YpEGX6K,KaSd6lwB,K3QSKfdn
ZYgGYUBS,muEBN36U,SEOGUH55,GbIJnSrE,IFrkzw9H,177eHlNF
oK0QRm1e,BBR4kv3N,9Gvu7KhH,VfJ78vtf,xFG7HH26,cKgG5f2z
oJkofagx,aaHap9Ee,5KFwEWPI,io0ydTwu,NVnP9Ikb,4XzvnDOV
CM6OXjuy,HQoJG7SR,zHaOfGXZ,qMDYx4cm,WGRCrFPn,16f8XSkH
IGUkYs5U,QQaVMRjn,EqrSbUUv,yEIZ19Iw,1DUnEEDM,GpfjF1Ur
64YMzNVq,vqBB8kcD,YVSpaRvT,GV7t3MKV,GmpOreJE,3hbTc0a3
7qR287gb,VekvR6D0,I3a8hVHT,t4DHOnPV,YBfJ1I5a,EP0IkJpN
jVAQKBEP,cnX5w6Y1,k8KUnxSi,tcEZSomP,fpzezxk4,t49w3hzo
TpkXYn0x,i7DAeIv1,0ThISp6j,eTgwuQdo,382e8Bwz,zfncaII1
PEq8lhuE,YPRyNBqk,gaZLnUD5,IduAllMQ,I3f7iCf8,FH7MQ3Hu
sEAK8PLg,fz4DlOk1,8fL67Jj9,P2LM0nnb,IxvjJgTw,640mO5S0
cNsyZdFV,q9ZSAGdh,oxb7iAEu,cYAeqYTH,DuMrUFdt,UI66WMZ9
3orrRWfQ,S5KXwbh5,Gn67ZlrX,LJZMizOv,6BN1of2t,XTbjRJ1K
hCnKaNbp,mqcaSVv0,rGwEXcaq,W0y0Hb30,LkC5dh8x,SYteRDnJ
QIFxkhIJ,StNsdbRd,8KHIpg41,brihIexp,SIhnWCa1,eFidc6UK
R5wUDdWa,azljGkdY,fDgsPrYk,lf7qG0T2,kE84W6fN,g2wVbAf7
zcSt33aw,milY30wG,feDu9AJG,7U2GUYvl,Vyxvug6b,YkUpQMGX
YFjwxmm4,fVDd6zp9,yBmJo4yw,Kl9RVraH,FZbkcD7J,W7dLwpw4
osGRRAj8,xgE3tAPQ,LPQBEYq9,iVA6vfar,Ifbnl63u,cOhFkvIb
QbjIyV5o,rtIE3dT1,of0AjEWO,esvRdqUZ,7Jco3WTe,cpn6lWjO
xau3OUoW,PB9Gp90E,zn9anUPs,4m3iXZ0t,fsFrhhsi,O0Wf6oZX
C0QuiG9I,dSpgmtCY,ZrDutaJf,J58z2bK6,Kn3pFX98,ZQEOFoyF
Dqpr33qH,MZYk7UXc,vytAHtSs,1IBTdMwq,GYbgnUQ6,5w6tk0q4
RKqBztqO,9KhzZWhp,unLcjsDt,44g78TTd,idvWYdd4,iDlLh0de
sJHp0TPl,wam5sgeB,pmn2h3Tg,svL1tPNn,meyIxS3F,IAmeEJKh
aDVnKA5c,YD2MKkHb,dFEWbM0c,daqgsxrP,rXZEdYt1,WvofGGHJ
QA9pC0K4,UsVCkehy,UN6UwD3z,vRbPaLC1,Aoxqj2LR,1nQTQucY
5b3SLdai,fHsypkiw,gRsmXFeR,6zv64vpK,JarZYRqv,NjYavXAE
IPdLV81f,5rnpFtLI,lW471pLa,W0V6ayar,RXPBMDbx,rZUrSuUG
VuBHIBDt,l9No164q,1ilGHj3N,tS4PX6Ux,m5psipil,b7yb9KzN
YUgtDUXR,I76WZGmk,c9YqQVDj,bhQpe6mr,CKZVQBKD,WTIyjDRv
nyLuvdjI,lCy1sebr,eQsbZid6,P0Ao5fw0,lXMmAtNZ,lPxmyAPC
nex3Clzl,oTSqVhN6,3fpvsVD7,3xQ1qMzJ,hht2a81O,VqT6ShW3
uWuVXKVl,guOHQQqN,tGou4fPZ,iDoNV3WC,AxryuFIe,PyshRmoM
ozeUGQ93,XekxAO6e,la5gcsSg,Ul01eYLP,3S4wRaJX,BT1im0UK
1JQPZtD5,JV0kTObW,K6CNzFWp,Seum8XId,arjexiZE,qu75Vejn
TfxTgumT,BYj1BY31,hoBTB3C3,YMhSOFgD,GFWygdSR,0S0qYlwF
QfcG8sIm,voSUa8I8,6hdRYuUt,vQsOS07k,bhpqahg2,Jy2TSnkv
FGs1fDwP,2Tg9i8wJ,00QKs0Gc,ar4y2PrG,RxFyXx49,rZha7RWU
zPFVkpMq,YzUrhepQ,av1Ewo2i,hCG0LfQC,XUwgdLGE,0KjWmbmy
9ulWjN0S,BcuKQkEN,0weqJILO,Tcq4IPx4,4zwogYFo,4J3sD5mn
M4TZQo45,tv3bFzEa,yinAMr1z,kPjvbdks,0qp2LPUG,h39aPUys
y3Lr36u2,HeQRZcvo,sINDnyfL,bBBDIE6t,tXlz6Q9c,3L9QZ2D2
6Fg8aEih,BSFR0jdI,kQPwUPH8,HFJ5MbeN,lTXgTaPc,ThLTHAoN
dHe9GBtl,OzF2TtzA,JA54Pej7,GCvV9DAd,xZs3YHOo,qHAUKqMz
iFuy4BYr,VMAZycqP,lJGjSmhE,SIaM9Brl,kRANmLEY,zPs7I7A1
TjsZQ766,iJcadVT6,GzGeJwMz,WXO0omI6,WC5xXlJH,HJaMzdXB
plxio2Uw,daJXMwEy,g5Mmj5HL,YiyYmn5m,xXvReoPs,aqacZCLE
B4fR7xcn,8f1L0Dw7,GZh1qNhM,LlkawcBJ,BJ2aGhTR,dO9cyfcb
VQWViyTf,rgMwpNJC,HvPbSah0,Cl8ojzmW,zehQwoGd,2JhzxvvK
EKq1f0ZA,LyjaZc2M,uHoFqGBi,uMxvdoGK,drPKc9mv,X0aTuvvL
l4qs3iyI,F3DXMvuN,aAP2sM2H,ZIzErIE8,EBZA6Yob,YAA0n3Kc
JldLZkbH,asf0gh3f,k5ySXm2j,2DXfXL82,EXeHjP8c,brlFBlUg
XqNnI9HE,o9Tz37KL,KfcG0lQN,DpGWERQk,f0RdOJ2r,ebh5jCz0
pimxYhEO,xFQ7aqL3,FruAef7T,0pNGnvdD,6HA6Eqay,f37j4dxI
zkezs8JJ,oduohzJC,ENNs7KGs,ABMkvuEQ,fkMLqI5t,Qmoaz8ZV
gug2uhS4,yfGjXZxp,wJniThen,DBvJ17O1,KCvHULOb,9wm62jZo
3SqV0wRp,siBkZ7ba,QF9oyLEl,AOWNWMJu,j6KNmI6F,yFv1DtQ9
gGjXSWkt,469wWwOk,tGUCO62C,TNVmZRLW,O2ZR0oLQ,NpCN0ipQ
O0hsbxaQ,7SJ6t4lm,dulysJPU,VpUJRAcJ,AaHAtg8E,8fJWIDio
6ZcpHxLu,AE3m4SX0,lvoBLicg,kSi0IHX8,KOvaf6iB,ZQQTc2Ua
VRsHwmoM,Himt1yz8,SLqsFll9,Dtp8OyIE,I7Sbmq4r,iYmSxjP0
UfbuISsY,qPSsEPaB,KRYm4qkU,4fxEAROQ,8MJe1Irl,avUmaX54
idoGvOSc,nPjACIT1,n5Xy10il,gojjisBT,m0yc2jJx,WtueqOQv
NPcqPiCY,xOjGzDvT,up7ZRsbY,rGdxr4bm,q3yCM2Jj,EtonAmve
D3izJRvU,MPSR3R3G,JfcJQ3I7,ooApUYwk,oy6NmSAW,64oVQhLH
kYgo4WiX,3Q8g4VUE,JytMepfC,Jb6yTbXy,q7se1QvS,NuOgWw5r
JHHNFpfs,btHuvuqZ,X7vhqeqk,ErXAh9qP,iAI59sPD,EoSdoSZr
5M8UBALu,8vCqEIcb,7q08NFyA,O9cCT9ou,JGRLxX6g,Ujym2Ek1
fMDCyRBr,g160iFdA,V9UiiqAK,A2yI15gn,dJhwuJjJ,Sfj87dwS
hpZjqlIm,UWdRyF5W,b80gTFDH,UhNcXXON,fcpDqLG6,qtD5x1Z0
T9xsAxzf,Ob2KweIY,FzmbmSfk,8GZ0pdZD,npUmjOia,nBpoH4bH
rKp09lTh,ZifI3YRE,95llxH1A,qC6QPxIM,cvvwBjC5,gXBQ2bAp
hEfd0gNP,ki03VLK4,sV6VMMHC,imaNmFtW,jdlCuU4N,t7ABFREZ
Fe5ABF4a,uc3x3QMD,bRDb8DCq,3PJOXVau,32NrQLXt,Rll08Np2
Ade5c6T8,TjUp5ltu,IyydNxL0,qr53Xosh,ytAi9lYj,6nvOm3a8
75aNe0kK,q1qUk5w4,GK3ywP01,GTzAHYSS,KcGyMpKn,Z7cLHATv
dd28aekI,kk4QrEL6,I6zR1M6O,pkZ78gpE,UeEUWZf6,0ho0bSeQ
AEssJD8A,iqtgYKbK,Oxfn1i86,lJIuzfjb,wsqTOkPp,Zhm5wf41
UNcli6LT,tbeRxvwg,nSusF686,0KXHN2zx,wkblTdJ8,V12zFq2E
bwKQuQIK,tctB1T5u,JJJTIZ89,bx997BlN,iIUwDrJx,peIGfadt
6xfYb3ZW,oeIWtKYs,uqhsgy7O,DZNOSPbL,N8nHIrhx,4Q7b2Loz
AzerRcBM,Su8o7gVc,XUodXmMG,FrKGNxjY,EYiyrr7U,I3jigSdc
F3kNUXYv,9GIRKHtp,moGEDUzQ,08CXdcOw,rkuLDidl,aMySXyMf
HuOuU06k,SFpD9gF9,YMuwrOp0,7nQDnZbO,Xeoe3isr,pslC7HcB
qdWeaEXD,GguqYwSm,T7J66Vyi,QLoxMK7b,MnmLv1Yu,Sf7AIGT7
nIAgDRjw,esuwVeEk,lxfqnhHe,GboYVgq8,bseChgmt,eKICAoHS
8XRwHxIR,3Sqd6491,4AACwRBj,E104cFJ9,ATZMo8MO,MgUsRY9S
1QjP3y05,WZEeJHqC,Err4lhYM,akNzHGdg,bZbBZvPq,0FQSxZ79
w9WSb2iE,IMcSNH5J,zxr0zLeU,cXJjZkyD,6p1p9UGy,5ofQAnsn
62lnAShd,JYlF3oVC,P5FJ7VcW,k22zxMs6,lz8OkA3q,M8ggZceJ
5K6SR9Lq,5ktnHMN3,d8DJfM6y,CxrTGqjw,oG72l9L1,viS7xWYV
LxFxlQiL,Ok7P6daH,pwL1IP8E,gvz9yn7d,ZcFt1ifp,WmXB4A2O
QYVFQdOP,Xs5XfGZh,8PZp4hJf,CclRqbBZ,iPR0Hk0C,84XVVMnT
VcTPfIPB,Dmr0WJzf,sJIRzo4I,2ZdnQgAe,6BVdN4mP,4mMuidX8
nAS7GNXV,772HQiwE,0XCpXJue,hjQKLqMH,nXXbjVfc,72lZ8MIB
dvxDYbfe,h978jmpn,rgYmg7nF,S7giOo2F,C6ZiirnU,CQl8zBSZ
olJnzZep,RGPESOCI,UyzKQtDE,HqbATc3P,4zgFIwT1,NqYG0aE9
pEf1PI5A,D3UFAtmO,A7fotY4N,4MIdRu8j,2HAwEyAf,aOLH8oLx
FzETLBub,LtCCsCk5,9AdKusVc,uOoP0CRo,OpnMsq7a,gA5oCen8
jlt8I4OY,s1UGDZ7K,4wynjSFg,uPdGRRJg,pCZbhlFC,aRZPF4Mt
7m4XtEvf,kwy8eXyP,F5fRjfBm,OmFTLiAm,vSv9SrqA,Df3JCnZH
vX69bEy3,ZQ2e4cj3,qp42ckLD,2TzDAjvZ,45bwr6gi,vFqyu2Eg
7BbrXuji,TrQXybD0,tindC3l4,e8Fr3otP,yQp94Uoy,8zraTEzX
njN9hyAb,W0HOHwfb,1FTpgfgc,KQCTLpWk,q9nT98xS,I9Cyxocx
DrcZvbJ0,KwTOQGMv,KUK4txjr,zJA75ere,ylSFCmqE,ZGqF9sUY
gBHazpyZ,hfIqhDoJ,g5t10m4H,REVgQH9O,fPdYKqfI,KLK3NpST
KQhpW9dk,Wgc08X69,Q2Dz3YQV,27qDfTtK,zOTjcneG,Vw2WMba1
wxTBz4SR,0ApS1P26,YG4Zdvqj,2Alob0v2,weiOwP1O,vG0Bkp1H
UTQYh8uQ,1bs4eeLm,5TK4ZT9H,PQWXWoOd,TLlDwHpI,VsLlP4MO
Tk1Z1aR1,hklWhKQR,N1XQ81OP,ggUUBTSJ,BlecZRNN,HmcZBN84
VL7b5csL,7KKQrDHA,jU6E36RI,Lz6FgG1g,d2GeswE1,jiaE3qby
02DZasfA,CEhEUxKw,ETxFSd9f,9qB6Z7jP,RmipRR1L,ubyd3KeJ
qSnYXsAs,Dg7KglWC,nTRyobpa,M6Da4AT1,bPWOV59G,O6y9WKqB
BFTbkNER,XLXrDsfp,0B6of5AY,VfK8U7s9,DSQhMb9d,iIbvNmRA
YSrsLtl1,yLqi2Yzl,69Q6ltyp,3tYJplEx,fUsO2OQf,XmQNDGnJ
MyTD7Dt3,sT0fudeG,l660Tql7,4ognD5ae,E3hbFtzP,kGOcR6n6
whURzyT6,0JjhnXSv,udESwVyY,DqZHJGs8,gwM2p4TY,rFvXv8dm
98aXEug9,LoOrlRPx,uhGH26Iv,JtRCu0rf,dU7yxzX8,Qy2bvjU0
p4l0vy4k,LkWeQmwp,AEgL9ktw,6SEYbbrP,UIejYXld,fgjDFcPO
yi5APO45,LgXzKmjQ,OEMZjV4J,hKRqwAvg,S0KGHM3y,QdEVbCwk
AnZFjuvU,s6Tgx14U,bfsZ6fwK,qSOveptM,lnxYbrkV,k77n43ZS
fprzY2tH,iIkB6THS,pqiYItH6,pPW5xrcq,sgah2iJn,xD8ApEKB
5ajC7OmK,wkEmnU2e,snDXLLGj,IpQ8C2Ws,IlvD77ij,RuV5BT73
g4Q1rrl7,2m7c4fhS,oCIHQVWU,JCxwduyV,9r9fsUpm,JZnKZ3DB
j15OlUkw,nlKdwVUy,hZckindE,a9ImJkKI,m8rFM8C7,3Til83Ag
PQpRqeRI,tFrU38w7,G7LiELJ8,suALDNOS,jT3DITJt,bJdqdQC0
hLo5ocon,bTa1xv5Z,pkfnNUdR,1W6E015W,fZyxCYd4,jWCpgrGP
quT3UYgX,xbyfs8b9,ZwoPdrUx,pQdIYad4,aJYjeEF4,uTdi79sY
OGBU88MB,67T5B2It,8F7favdu,7yCcKWf9,95m9G5b5,Sc2dvOhQ
UnkUZ7r1,rl3hQsRB,d7MHXaOq,waWUaoLl,jwU8V93q,Hv3K4A4R
9cfqGgmh,PrhUL4Up,JCePWdld,ehbdnM0d,t6iDdMss,L2elMGWd
wqKhFECf,s7gMbrVt,4uEQ4k8o,Vo9COf1S,ulVTNNGq,lgs7oH07
zEKsCzH8,7UMCM9jQ,XMax3bT6,kdxWaKcr,p21exwBe,K983tlyg
ctjoUjmS,FvCfnO8K,xYHiAHlL,y36ijHol,dfo5C6c2,IzGiBl8E
DzZtPpWH,GnF7ACVh,4oDN0fEj,sqTwS1Fu,Rk5DEzBF,i7rW0Zqp
cEV7l69r,AqyTYzhC,bk38aSEy,JcTvVwjo,caZQnsId,Kt1bGu4T
uOeDAi2M,Pl5e40FE,NA2ClNdL,4UkF8VnK,zFZ1GEfh,sRFH4O3D
xIuJh3RQ,sgW8li5w,5VS9PdzG,YBWMkiae,B0V5lDQK,t8Wd9uoA
xBM4vY3v,PsFf2FwP,hIF6mCop,VRUse9IK,28IhizzL,H9Tlyuqt
12NrgaAJ,jqLB2X2d,9j9km6GX,JmydF3T6,DoEjkvGK,bAeWFUqW
gDlAS1pC,ejb5XfH9,ieydqTUR,0OSDOApY,bBxj97Rp,HCYBJT19
CxsFx2Uk,rr9F5XFM,sob0pYwp,0Ecp1lRU,DIU3lj7Q,ceK1Po4z
peV2z2uK,30rQ9V3u,cciuut4J,l8CEungj,l5wq9EWf,60axBkyf
XOPO2rDG,udwAAiku,e2BkrR67,xD0htT6E,EYr6mFwV,HyPL1PO1
s2JJyLiK,8ZGuPxna,bfTZg8Gw,Nr7UKcZf,gLt9lrhE,g0qZr7i9
Vrx9KL2w,RLPKxBwR,WPvIsIkf,LgPRWilw,8y5tD53W,qzSnsidj
JmRsb3WP,oFoWhDdu,WCvb68BM,e1VNGKca,p799QTj5,O3unDu6w
n53CW7Lt,llV2UNDE,yyPCN2EG,xxwBIKz5,sdeJ1RRp,zKbWXfX5
LKTp6nBF,3gjC9DlB,t3uz10Sk,dCcQBlI5,zgj5P2p2,ZGyRR1OD
SYNgTsiQ,8qLWx2bb,NmE5wape,HfjihZtJ,rmNHCy6r,idHXDklv
vT7I9Oda,4TGBUHmK,FYO03nrd,QTFtRqii,oc0JraHn,4jAIjoXG
y1icNmg4,PMEd8q2s,WmAew8k3,IZ25xTAx,0BnDNPMd,KuPLdRpA
iw4tjFhM,16BFzgRN,pu0LnqXS,RJeEi86c,hzX6Af2G,7hkwqHIi
UQHEGnjs,iWr1Hj4z,tutOc1Sd,6D7cC1bt,rgb8tiBx,YkERNScA
usmWtogB,yIPfztjU,ij6PQq0u,QyO2sczg,LTMeWJfn,VjtxI2x1
ZKHQDpL6,y53tcOPo,QWqx1VhV,Nwa8LpIx,VlkvVYAt,A2OixcSe
XnF4j5We,Tp53WNAL,dsdbBVYS,wK6bBTny,XAk7DX5A,DGJnLRYd
lSfOAMhK,PaOvosZY,0IWYzqfX,3k5OBYIC,7zQpTzSd,F5xu557d
spZN3XoM,zTB93gW2,VgD64LM5,qxv7JNkU,b9AOq2DA,udmqk8K2
RZHu4NxO,pclHIOCZ,lU6ew2ue,rM6MNU3a,lMIfRXYy,EZeo7YCa
x78EH2rW,PtGoo52s,Q05KzwSb,0Eyy3aLZ,EhmDaarS,D6vWpbGk
21WZIYeK,Cut7SA7W,9JNtF0Sr,wkRqUlpl,BEA5i1As,ri2zW3G5
xLuqPaHF,bdPlVvBe,jaVGkuAl,hingTlhR,GJu7vIyD,ceyOf3O9
hKZHW9So,vIUvVDkR,hjItcWK1,Jcpd2wCF,osIPNzmr,QWwbMz8r
dS5ddj7l,o7TbBkx5,iijzMB8l,C1DsTRUC,YaCPm0BX,GRuzhfcv
ymFDWulg,0k6ifFss,bStb9VZX,I6O4q1ld,NSktJAVZ,xGwZA3jf
iLt2BrWr,Ku2K7A2O,YcRtEuay,uyLzKLr2,16AJFf8P,bVzPq4A1
vKbZpj4I,KB0iDXsx,gooW4SYv,O003m0p8,4YA2OZGv,SaPrCenq
MhAiubCo,EChix1py,rCK2ylmp,0IjygcHz,wMH4YS30,QDbO6LR3
2AUNE9RU,N54niBuY,2TzmoeIJ,1Ntt3Jt0,CZQo8SUr,rjOsMsb9
zGDeJSDg,FdBsb8h2,WX4W3soI,78fTxzGi,L9fR20Aa,apjSy1kI
wm86WB1w,bEbISFmZ,bj4MyVkn,lJf06YYo,yebnkrjt,DMktlaqN
RS3OTXOY,lffFIJ5v,EFAHdF4R,vIzAKrdt,1pVsCie8,MhMdgSgI
1CswtZPZ,Q5iuSRj7,qFLKBlbG,MDYiCak7,7FpLdfEH,wkZDWZFx
NFAmTOol,wUa7Ayqw,NUhEQePj,HnJ1Qvl9,nKjmb2iH,iMLVilNP
WlHTYOmE,w4wEGDRJ,IZRH8p3o,DiIPjGGP,Lf8GAiXg,snsWzMLK
6wEmQtdu,oxg9XIie,Mk4Rw7kX,22GuwvLG,6IpTzBZE,rDCy9tSL
CXJWdJIW,0iKFBMtD,8XYcHGbT,ePrKWC05,Qm9jZAoE,H4rok28v
YtmAXiIY,yJBqamO6,D3bAWMQi,JrmuBfj1,LUkDSYY4,eiy6L1FB
Mz2LGlll,3k5uM0zY,Sqb219xh,DGI71WSw,Ee1GWzCI,KdoYA9AJ
rjVJKT6z,DQmku8xD,KE4zoJ8f,fS8MMYOU,7Ig07wjp,hpjnqKdH
OvfsCVK5,JptsW6Qu,cJbfpclv,lR1eZIGz,X0UVgiH6,4g1Ew4CZ
QM3oxA2t,7zWepuMJ,gzrDIXCX,E6OJLpKy,LycNtNtS,GiSqPFHB
R5uX7u8i,sdCSzew2,iQSlvagB,1sUgFoHK,8Ge4RK81,7FXjKG00
nVOeZgsx,wR8j80WA,lfLrM3Ke,m5jpquFc,JOSU0dlV,cwc5bTWf
LrlVGJSL,RJ7bcu0i,VUIbY5aw,wRImapfJ,BScPj2Rd,Lhwx8LLK
lFGrlTJz,Vvg3BHOg,mnIryJ8J,MJfZbbEZ,aTdZYsKj,EcoHrEFn
l0Nu4Pdg,AU00ofnM,7BKe1lxn,OTIQDaMT,yWxOZLRA,xXnYobvQ
2LrEROTL,ajB854DM,fZTIcFKo,db60y0zf,JFrQl1ie,fREqNEx7
V5qcM717,pnjpKj7H,bkE9ftbO,z5hXLfE7,UIUmhvro,FaJEiqW9
9SR44nOT,2QnoNVGA,nZ4AhzAQ,zgAJH7l5,EaIveQWQ,sgABBeFI
DhTUBSMy,bhaEVs3O,ixgEBhnD,sWwrLsqu,Fvi5gL09,1jn1gFrw
T79LxxRl,t0xfgAU3,lOQ4nFQC,irNEbkAm,nyKarnUK,22UCt8nB
EZSHrYDl,pEglx2b6,RvODDixw,24ADVDch,9I4agDqY,z7iGVpbz
rxY3yim5,WfSLtLQY,LfYoDD7K,IAvyF3gJ,1Gl7vQzy,IGJ9xJ95
fUUmO73R,kV9nyXwU,0IhhjYeH,4zmL6Gsi,PSpcLM7K,BYziSv08
DRWDdIpb,3j6HKCa6,rESiO0GI,4xvSL3UK,DgrfXD8S,bWBMGPok
0n0Osl5X,3AjkxL6Q,3sKLLv2i,Yv4xIy50,4rfaTXNB,p0bV1R5P
ppe6Ts8f,r9tnXwdV,2ZGS1v2G,5FLKSeit,xxc8lkja,2eioX9lm
ILCVjzLM,qkThi9m7,YGYkTg4L,jlRzQMXv,hSEVM9UR,pOB3DXFN
QJqiAncP,PKzLVYtN,RV8m3zXV,rbDK2hvL,keSgWh6V,xU812H5S
qLpvXg6c,xDUNJu9G,WQJExJCM,vhNuigzY,EhvnzXH2,Mgqonfur
2IrtP2WD,dgeoRLDm,MN7vFMtr,5O3EBE7A,8Q7uq7NG,I9kw9KRJ
3NvvDAoq,nHGDvaUQ,3jjuQZXY,zi5Oh83F,lIrLf0CP,Iq2YEdgx
7Z3Uc8mc,MEqeyBNq,AyvxmmFy,AoNpvpdL,JspbfUfb,3VFi5zT2
hxbYqZOO,CkLGmwzP,cF7S73JW,mKo7wrox,PVXr5rcV,Jalz7zok
rU4xHMbX,3azKr8lK,h9zfg1HP,GNkYaiaZ,1j47UVjn,bbtYKMjx
1JwquNFr,L4pSDQSE,WFjfEzov,7wJ7ql7L,ift3CncJ,VW2f4bBI
dDptUfgq,dScWpeG8,7htAsEsh,nDfPWmfH,CS8lfyTp,tBA5fort
99dgNdSj,0j8mpr9T,AzYwYi8Z,66NwdWi1,7JlQt2fA,hBerJODp
jE3bSnae,BcjpSyDl,YR19Uswc,FLmNMY1q,7jCXxvq4,cWwgqQMM
ELWvnKPU,ROrpPUVM,TCstOQWs,BJfAGHx2,RxQfNbcr,YE4YC3y6
A4yaeY9a,SyOQqNGn,Bu7BlfCH,8bXPSJMy,CMDEJ3WF,tGJHfnFW
FrU1w9YS,os9hswIU,mlNEQXLS,wWKyy3mB,ABQ0rndN,IQgcmmZ3
rj0EWomq,bccxLrmn,p3rKOHoU,c3AtQito,1zoUji0A,cYcUUGaw
qBfuIRTL,7I01HR1t,ZPb1pJi3,8EwvHXL3,y1dm8yEL,5tr2ioBJ
tD7dqQMy,9Lf5deyI,Id2vuDsJ,GpkBvcND,kHH9s8Jp,vYCNvpaI
6gDdVVje,WOFHdxCv,mDp8kiTa,SNEyyl43,VHsXdztM,Unt8AFgE
TfwQr3i9,x6TlJ6kQ,o2qEX0fE,HnbvH0yi,y5yFM3IL,sslTJCpS
DhQou6kK,wE2ttIkp,ZSomFt9O,q8iBOFko,LclVsWql,NiVMAyqB
wvDShbvV,YWkkuE7l,Af0UjCz2,V2HQSz7F,S5iCAESk,kyp6JQLS
qzemeDV0,NdminZOy,WunJZ7L9,fvCw9xiE,uwCm7MJV,ETZMCPbW
mzgyKX9P,dFVPZXec,KGJhEYOU,Px35zZXB,rwv6uRQ3,qiI45mEQ
AxxllHMF,S9A1uuvn,qtUx5qzK,SXcan64W,ADdBH23u,LyHTe4ti
TXailJ1f,wKezbNZb,mYvcOsR3,5LyGORBL,rYB1eV17,YKyEZyRl
Pdu3Ed2U,gWmPNDa5,YifwPCbQ,S9SUfJRP,xMJgEq7e,awnvxdl9
GzOJ89Tl,WRLE5NIe,Dv9p8oZg,WtLit9lE,kXV4palc,kaKTLDHo
pOGuE12J,A8RRyYxG,WgPIoA4i,hAgwcFc6,ZJfv3DBt,7lB2nW5D
FcJ4o3di,ZXmNtYWM,nbo7ICM6,dWEKQjpR,Oj9VRP0n,VH1SOzgp
oaDkRI3a,2LzdP1rv,2vs8Pspe,rLcoGBCb,JVZblm71,ryOG58ig
Ow15TVOx,ZEVzgDgC,gzxVOdiP,QreUQK4z,0064UBXz,wU5suUoD
FqaQWuzc,QIzIXl9s,bYZ6MHks,lnnbt1gZ,0GbmP2IR,vWpEgwnV
fZSODefw,1yDatl1D,dWdWwFZ4,WsAsQQfA,1l5wfUJd,RgTtoYJC
cyd58UcB,ym5YZrFE,o2hs3uhd,OG6yCbfl,IwbMgy7G,DowHGm3O
1dTY6aRN,9oNePJC9,tqk1dqei,PquY808f,NtyogULr,8ceHwpu3
PL58Sps7,D5kMp3YD,1NnpteMp,MBU5qbeI,CTpwEE1Z,DWgGYzxo
BGfoPUGR,vHakis5w,KOhkaVHe,wu017omE,OjEyN62p,PyD1YiM4
u7ZRHGW4,kiNIXGfY,Cnqp3A8S,GPcythR3,kSbbig8h,4nViZd5S
LVyktJkw,VPqrjkdj,KXH8TAU3,sNianCQp,Gm4ijXcp,FaOZIfpZ
kA1SAxcg,Yyf5tnqR,gUVY5IAe,hmNvcjSS,P19ajTjS,rzOs1Pw9
aupG6GWr,F6wGUGl1,uz7TLmdt,Y0mwvalV,Pv83eekL,a1t0Bb8V
diT1eJjm,tY7h7ViV,FFT3ypKX,Y0VlwLHf,9UlALezG,OwJLvh8E
Gjf91B7w,WiZiuMq9,5MUz8OUV,ErMMHA9p,rLVr3QRn,m37BpeYJ
UfUB8Dgz,ohwQkMBu,hN0ksfZq,cbly12R0,PYJ4XTUD,vWfXzQSd
O8WUhk0b,9SIofpob,TDJFTn6b,N1Q9Lnvp,qElnzoLA,oi1hwBfL
v19aKgp4,lkR7C1rZ,vRA0JpiV,sZ035rky,J5EbzBND,dxVsnD3M
TCDdw323,rh3ilJtf,bmyqX9dc,SkukGEem,m48ENE3p,FH3OkYL5
a9yJ7VX8,e78YMrFO,raHo7pnL,QVfzQiw3,8WnNwuhs,WDZFhj3C
uIuxHxKF,IQmVd8d8,aNxS3udb,fUNGADHP,tjTVUQs7,cNa3pw2I
1GSBxF4V,jggVcePl,CLJjAWFY,M3F0OZfd,YTWXN172,Qe7neOVR
WN7JI12T,e6dKb0jG,S8eZc4Ij,87DFNjJu,IuvcXvnR,tivtEWHm
qZ63B7Uq,PyjI8LgB,1MRh3AVO,Ov9zMiXh,mV7XzAhx,fiNBBf8t
0TCnefwe,ZvsIsDem,en8JoXv2,hK9W3Xhf,Fd84PEjU,RbF2Vf4K
og1XDZrF,yT9klJoL,kuUVFc5Z,swUzN1un,8tcY5aq1,NUKPuVru
sJ7LoaOG,u9cLVdZ5,6TPQ3oQy,Dzyr4Czu,hO4rA0cx,BzsY88mf
MRyfDcS0,xObBfIde,NeG50oCq,oMmDW4xj,SqrZ8NTg,l41bpM3R
j5HREBOS,AtJuimI2,cYVKfm7L,O7TZ3jL1,7EJvJs2H,U9dZjZvy
wPotX59Q,2WEkt8Xq,SBFn5DXL,JM2GlfB2,t0oXrBzX,fovVKHzE
ZXToZElk,J9SP6iTh,9jMcbMnI,KXE2PzeR,4tyvpzSs,kf5KDeId
aj0xT9N6,TconbLn7,gLSDjVJj,Bnn0tbWD,QqPq4nHf,EKKrU21J
sa9f6Uwz,BHHVvRol,Uc6NH1cQ,FHJKbTth,84uEOXd5,SN9Wwzrb
e3JK4DbP,5MKQeWeG,kZYNUSMk,YlU3pajO,4zkDWDJN,WBq2wWcE
ruUsru18,DdpIS0jl,VowVQe3M,x2ZWsXiX,6vsuwvn3,rAzlVK2m
BZ2RZgVz,CQpAn8xV,4Qv0Lvba,JJf4a2eB,LxWzbyLu,CVyF23eI
5fG253Cf,N7k8Zvvk,1EKmxyWf,DplvIrOC,2RSp2SsG,aMbjqBZQ
XDdDQSjJ,3IxHs46I,MaOhZbJk,9xefmFLI,JaufiBcM,iFQPGwnT
F2rzVnrA,1t1LQ9Xp,YvBoZ6ZX,SU8BHvK4,u0DZX5gA,iuGryV1O
0U4sQMwX,BSeeIOx5,Wnok1jlu,d3gd9K3C,4G1fllFu,0M0r51rg
wz4QoYD5,PUUzxN2X,hY4iu19p,RC8qycKW,ema2sc0i,8WNaSj7d
jlLyoAoF,6t347VXr,CjGFQpvf,IBn7oYuC,aZImznPK,X5ECzDnY
v2gichZr,UEcXtOZb,LVuSwkUJ,nHWfCRx4,aLohNjae,mPf90zZ2
vIUAs04O,I2HKT2OP,dNcHzLgn,xef546r1,powcJmQN,QQIVrZZp
nPp0qrJF,FPJTYLQr,FE724FYh,K4R1kIZr,YSUhVTA6,auTZEfJG
QQ9DMr8Q,Ceeu9j9Q,sf3dJVQa,AEJPsrvO,83TITClk,094yxQg3
P9V5J19e,4lj2HRaT,CxF4ZY0C,AH4AYR5I,D8BBjC6W,llGBvug9
avgSU4e4,SzzS4lFf,pDvM7Jbu,Wi4lsQNs,qbmst7uz,9xFxpw1z
IOAR8B7b,m3nNjMFo,xoi12Sw2,pjeILXSS,dE72eIoE,AaRDImBA
6i6MAUIP,Ew9hzAxX,JqXCditB,guAWjbyb,eXmjhxlG,Zb3BhDfS
Ac6CFi4T,xMNwH0mJ,a1mdlMqU,t5lkuOwX,b9NinETv,WEV6mKFk
1YCZtn3j,fNnE3MST,bPUFXajD,8mb1HMv9,kY1qyLyx,0JTxp7h1
FKVF3pH9,prmCoUJ1,YyffP8SQ,M4YXrsHp,sRDxmuvK,RSbP5Any
5NObIgZ4,Y4hKA6TJ,6q9ZNjpN,rPg0WWKh,9gldYRhx,QJbDDxlf
8OuPGTPE,uOecjMuK,BrmhmwmQ,dc83Re1y,HXfOgthZ,I5BUKX2N
oUwqjd8N,VijMPYWz,hFnhtZV9,ArHqptwT,Gi7tzzTM,2vS3qJ0w
Q05XHqMw,RZ7ajUhq,fNLQYp3O,tASVYLFE,JYq1D7kH,ZjFOFy3B
TQHJISb3,CS4YR1SU,hBalS6sw,9KC21BMe,WYdm6BPA,itEF3OcC
4KzD7p0N,fogRrWke,3WqO2IFB,xMRBKxQV,3LvEO8p7,7vH07bY0
l2djOjf4,JdfGpeSd,VYXzHpfc,2ngKGdzd,dC1tUzDo,gbYgZ1ec
IzNIDsvK,t4VfaWBO,FdKctnc1,bR78nNjK,fsupDLPn,z8QKzFRD
97DnaehW,oCCxoNOB,A2mSaaRW,ivcTj1f3,LKkug3Mf,nce4JF37
WgbPVNIg,ZOBnig8l,7NQXIh23,mA8CMr94,rhzqrpDY,QcTkSFMi
yLtvLCm8,EtaNRrnS,J54RVPZv,qL1LDJyi,Y7eKufdg,dUvFLZas
mR7ue9PR,gupXJfib,9Ub1fTeo,gK287lCP,z41sjCdC,36CSNsDc
QzseG0df,a0eNWYdr,dp79dIRn,T6LB0CbS,D1yrZUee,kUdAV93G
wNkgBy7x,kAUUwcTK,hDHTxysN,iLe7Ey59,PtUh0tRe,Z8JxcLnS
unLYLKV4,7Z0CeNJg,txOsfeXt,CLNVbfcH,OyZ3H8vU,DQNMPx61
lscfTOUJ,hu7Fhbp4,mTE57JPT,s0RKxsPT,BgTUZWAJ,LODhj9UI
qet8V5f7,AW8zgGDI,tupTQWwZ,60ZHLfdg,dAs3NK3Q,9D4GYl2e
xk4GKwBC,HizfItps,yWGBJ0J5,0ro7hdlY,CzvI2QpC,oQDysIkA
WAwNHUhA,pZ0E3SdY,RRdOhApc,uZaqfgdJ,StJpC7Vf,xWyMufkt
OHn35ysG,kOeSVNmR,FhFihEiX,uxHwbV2N,NHIg8C6F,L6608mh1
7WdO0shR,4bnXE1j4,64Zj3pjj,pVoiZEIo,A02tfLs1,1pugw8Xk
kadPCDoI,jF2h7rrn,5gn7mJvR,hJYlIPSC,y3N6eLF1,ocARwn2x
qaX1UeAt,chSDFeSm,IitTcjQk,l6wZUVmR,ekgxu4fr,ViK2p7WS
QUxgK8qY,bcj6f1LW,zi29x4bT,HwTsKQdO,ESHMPmxb,YBejJ6c3
dF1uybkK,YWHwpZqP,1JMa5b9L,53D9PJc2,4sygZNy5,1RCvddZi
T01NIqhe,HBcLXwHj,JyiAPeKi,twHa79nE,UDsN3A1J,ph9OyYFF
XKwA5oVF,gGow3xjQ,FpcCuxCV,F50LSaXM,FxrvK3j2,BSiJZg4f
K2NDno5y,U1O7whDa,KLjuPvwq,32pARPsd,z072TpdK,B42Pf22H
PzWwunD0,VM5Rl8Lx,J4gMCqsA,zl0Lhc2o,xFVwQHKS,mr4WPhhO
AO0zFWsR,YYC3UCob,cC4771dS,Bz8YHQ6j,W3oYLXQx,xCNOKqT7
M91dgUTN,acJevKpy,DPIxom4N,3ZDOSI1c,jz1vDc1C,5x6cUmNZ
04zspMjH,W4nlYKy5,SLfUfpJG,t5oIUjBk,2SeO7hs6,9FMPaePo
d6Y0YS08,WnaHpnr1,a4QkvFWe,Fbez3VEz,nqIwN5nl,WnXqeHSO
y4qBvcCO,7WsAh5y9,iROdrruy,2GXeIfjm,9dmxIBu0,JvrPU7na
6PzzXTAf,PknTW3ZK,BahYH0KI,t1xgzrzH,0vdoj9gP,5qDZrgxv
my7xCjIY,dBvmZvf4,fKfF3yYh,acy4hoG9,xWj6ssPt,eIIXhTqW
1VoAEXms,reLAEeu6,AArXpgtA,QZ6iWr5U,u2ABBPH1,2zCCL361
M4cv5Hz5,GOXWtl6H,uUSPcdGm,iXCqufDL,ndg7R3iH,YtsLEoqA
f26EvmDo,SuQNFmkT,Uur5ikBL,lFihaQyN,cEPUO4gt,bcERUrrJ
w4gv7uMf,RJuJCZBP,w6RM1TPy,MUkqCELH,ogH2RsbN,aBOkdH1P
peONPbPS,bAIi89Tt,Ge0hCeP5,zkLd84Yh,qdw9QfEC,T0yNvYNK
LJWC7Prz,lXuCtypE,EqvqMqIP,2eWm3bQd,uTy4qPKN,DgiBpF3S
kuPgnHhP,sAm9Eqfc,dTEDzgxY,LpF3NqqH,QcYtUVPR,3QJoXMru
NeXCLPoo,56bN1v2K,YrS2r351,eDrYDflA,wgCWP1lF,MP5XROBY
k7gKfUZx,csN4cMjf,dEGAJjVr,ww80thca,uIs3roqZ,oaaKDOiU
1o8PifDx,K7WyVduP,oPDz6NZ9,PDDXz1yO,iq1VZ9Dy,W5yMHSMG
q2vhdN7o,JRKevxFE,PmDcIMMY,TWcc7GqY,skRG5SbY,r1CKljAu
fKX6kGwd,ZhJNnPU8,FH2N1zPo,ZMctPfqp,kpxw3f8S,fCju2PzO
36eX8aG6,OLAURgab,98y0ADsa,oXdrkDrl,XauXGFZa,kj5WC8GR
EQDRVWgN,cBCqX3xV,nR3V295g,RaqPbzNd,4GDnpGFo,K3VE8xty
Cr7c4MFX,z3wcJrrq,eFA3MoRK,PWfMDmrh,BnK01HfM,FN3iMzZk
MdiQyPXi,iTuwZ7WX,tKfjiSTa,SjwgEK43,QjLr7xiC,OuFKSTuY
DhyF6ppJ,VLm9ljg9,jrSe8HDR,qeqhvjiy,rsc8lVrT,JFqIb3SD
3Fqn9szx,DDhYSose,h4GGrfbj,OH3DH847,eY3yhOsL,0Hv9AtCX
JaXW566u,oBlJX66u,kmt3fvX0,JZaVdW1e,bNTx2CC3,M68YLARw
lIn4tq7H,6PT8NuYC,Jq9wmHTd,bE2zsSQt,DIDYcUuv,7qyKr6MN
hkHOF4yh,0Vn8UtHP,WCGFivdO,4XwYRDJ9,norzmKVC,wT1jUpMC
F1Mqe9K3,S1z246Vk,6aGBZfaI,BPXOoWZN,52O0ox7C,UnfRe8IB
vDPZyzs3,2rUbpPR5,PhcUVm9x,wVIPtGmh,dKQoOQaS,I5sL3IgP
yk1aYRAC,OaOHmK95,fHdvF8n7,IzAXBVkC,ppDci0sJ,Ca6m4ZTN
ofHRBDFM,wd3c84IX,ky2krSl8,MoaLHo3y,JwueOQIQ,A9tMndua
UsOKEg7v,1PMHaeMe,hTT405An,YWv7agAW,ikYG2BIt,CU3Hym3E
ChcJUdPn,YRAyIZSb,Oe0Cjs5y,gOHxYxz7,LrEqAE3G,7fwC560k
QRsEEGen,XTuNmdxy,xp31PyEx,AeeEU8Hc,k2nevGNR,hfXjRnFS
kb1eX9Oc,occCTxzF,9P0b5V04,taZV6LDo,Z7bhLcqy,YvShB4tf
G1ryeXWd,IBsCzGNQ,0q7WYasi,TCNUGPvS,aG7WYHxG,r5wYD5o1
kf8NMEJl,810BqlFo,kalaAOWt,1zdsfGsr,9Vc9hY6G,qx4NEVPE
bZNy4PsD,2bCMyAMf,HcMex9N6,Z0MG7EwB,IfVPPIv1,mIUc8dEP
bvLEViHE,an6PvACv,NJ6Twgus,mCoxtoZz,OebUo7zR,eclgZf4p
o64POfGc,SUytFJAK,1cEIBr2j,aUzdoLlR,zpg2HPYF,uabzkYQe
gI7NxFZ9,oEsL7fuB,VZsdnVdB,mP5fKdMM,LwUA2Rxn,qJFRDxmP
ZoqLPajc,2PVRDB5F,amt9ZGcH,vCdPzi5x,r8uC7SZ4,k5GGJfHn
2X0C8Xoz,ELJzt21X,yzP7ZxmV,jBw3yYRk,EXWRH7I1,MN02V2Iw
7E40Bfly,UZcII67N,NdxEhmWK,ZEYJTofm,huV1irgy,MOR60reV
flxaYmKS,MUKVAyHV,cdDk2IGu,Hm7Kp0WT,YcZsNWrd,ljBoLL69
IcWafVoL,7gFFCg9z,q32FEw28,PYC0Zjd0,GnJgXTNj,lrGFs7kP
4pr0Hd6d,mYqUQDnu,neiKyxQH,uWtJoHgv,X4mg7q29,QlMQMuGo
D24CSUir,Cu9HOhVM,qtVCzDl6,1cgFfpyD,ESup0hEZ,AGLw9AYN
TobsP6Wi,sHGrU7Ei,6vs7WFJH,Q3RADGpb,0d9JvCw3,QezMXVne
nY9ilScE,KULbGcWk,sfXMlmai,gObmIaRV,wN2jKITP,MLvW6Q18
ZzCYqltp,SbFbLNeS,SzfHHixL,WSflXbBH,O4V0MII1,2kBu66yy
zlW66hXC,9vx8H3U6,rwc93FZn,dadvPOpx,62dupEMv,2Xhflatj
eaDg0XLg,rlw7NC6q,gK8xrjp9,QdazpaSC,CM8x7UpU,PNbI5fYo
q5lfVIsY,ohGUMSku,w0qvB2u9,TJKT3lbU,g4UPydZL,BvNbYSa9
kr9BgmZs,RR5OGA3i,858DIKMi,5IX5WzAA,fvkDniUT,Yu652jdA
v6z5Z0R6,TpgmM4W7,SU3ri5Pq,Z0iYXPKK,eJjJzEow,LJCiuuiM
VH9PqX0x,P1E3jhOR,9QjA9KyY,EmpnxB1L,Tn0ixW37,afhmVvXZ
mrj9E5AH,n8MP6rFy,zimAaLmk,lFZzeZLE,qV5die8W,3blqRfnB
AEdjkxMO,3WWjBYpC,qK7jQPxG,EZnFrc4d,mExwpV6q,Q79e4DuC
e2zxbHaq,IulTEttk,7LtDZ4zr,Yz4zNYRH,ajvPDD4P,PFw3dTh5
dNCjKyDe,1mtPD2i5,ZGAN6eSh,GXuw7X2w,TmcTa2wT,W7rO62u2
N3HfXKH8,lf6ltyil,Pz7cb3lW,ISh1KfO0,xJuvrvPA,jZTWlMZN
bWIpum80,XjvRmviy,LYxEb9YL,CxQ1sJ9Y,8UDyYE8Z,mTpzJfQ5
i55VrqXO,2OeMhXgg,96paNeMU,fY9x3HtU,ZktFs2UM,f1jTXSym
YwPiNHEq,HrLig8go,4kFOqX7b,MlUME6tq,7KT7XZds,XzjR9Tf9
LFXslKpK,yPlQMGM0,HGOk6rUZ,9lWx5Urx,XGlfrQkJ,RQcePiKH
gGzpBqM8,lvNhyOoU,a91DdARD,0WzEAEH7,LukPlaDm,WFrmHi5U
vCo0UTBZ,MJTHhPj7,8j1wFgjS,4H0Gm7dL,Ad70bgWv,v8LQQ6S7
oDfrzXzP,chxkoIZn,1cl3D0IG,V4WloDG0,8ugzCGLe,vJeUVsFx
X1Y52AzR,fpIYAfbZ,8kTijiIc,PqNphws7,xLoi4Vu8,76rGeq7D
ofJpCzFU,N94pcTbh,iDYWW0J4,fEvuo0V2,mnEllvoe,rBQYui07
2JtggVOj,fgOHWZFA,4VFhFOjT,LEPOJpDs,FlUuaHB8,0wvx2VUs
jLZ5lSaJ,05ckggFl,uWjd7Jal,KPjry5Xc,r817GyxN,6d0BNIs5
lzmXvJyU,XS7ODOKL,t5ZjIxDU,LvO5P8Jk,LpjSd9dp,y0ynMHUd
Kam2zfF7,tstRu7eO,Mok7msZ8,cPzUhIYm,uatHMM1P,o8Y0ai8E
U7Ns44pT,yo8QtpZv,T19ow2vJ,lcfUQQD2,RiIFHlPb,hPzcd9BM
hQIh4Ufb,cRSWjtP0,OypDaa8o,2sypWfu5,BaEyPy66,XSYw3HIX
DjurSbOb,DUartqLt,C7RxnUUi,48i0Wzks,zraSG2e3,oGgSiwPA
XYOtx1VE,sYrLwNFY,ZAu3TkMu,4gBb2UYH,q88YtZMU,GnrgjKEI
GnNrD9zl,lHdmrmkx,4kT14ChG,NNWCyW8R,8YxLynpM,9dC9eEII
uaVDFYrN,gASSaYCY,ULsl6Tn8,4aHxA9Pb,BGXt8T8X,5YWk5ZIa
hKgP41ZS,ukqmusel,LssOso7P,JdNmIcRl,fEGRZ8fA,f7tNywUY
Pz2tMoQq,sgOh5sWZ,AdD5gRDP,oGGxW0w2,olMx4Da4,PCDpzx7y
hg8h8bGM,AxFTpufb,qVABrNWX,bLbrupHo,jx2Qoad7,W7oLa1xC
VPlIxjwW,O3f120uo,hMH1VaNc,6oKwysDQ,t3MBji1k,6vVL7SC9
zn2Qzl0d,kLbvOpIe,2SwoC17T,fnKhWmKI,3NYyfkkY,YuYPKQls
2li0oydG,EIOIVCcw,1loZmW4F,HfOrxA4Y,cKbJ8Rmi,2EBZ8Pkn
gLik4qvV,LduMiNZY,rxLJopaa,H3dFNjcV,X28o9JW3,gihrExMW
h8w0Fq01,luj2m0kC,OtJLJeRO,FUCeBGRy,gOOPRlEH,87LpcBI6
qi5H0kMa,AWxD1EpN,iCA8M58e,DMTpq046,qsHUCmtV,dES94RJa
jSmDYCgy,TLfFQCQ2,GsAaSk9j,N4Re48Y2,WolV2LQT,VdBiDLgx
RobbatyR,PEvdKaCc,6cIDSoiL,9PTFSHEB,7oddBTBG,KzEsWHOD
iuafAQsG,jIxDhT5w,ccAWCcsO,ggqbvDax,XMEg6JyL,iJZ2s1Oy
P85NZh6Q,Meel9JuL,dudt2iys,elvcsz1a,8hd2EPu8,84bdZFvy
eOGbelk8,TyKQzYKM,VgxvKTUX,xSwT22ls,lemFef9L,TJ4DluZy
VYc5SQ2j,kEAjzy9z,9P8oF11U,ZmtyUVAG,rp4XZegB,puUhQAU3
s9fh3zB3,2mDSc1NR,3dPorxFO,qUAs2SBF,xwplmraM,rQm7ABEz
bgZH2sHP,BAYJbOzK,KvQhvGbN,RnIR0w9e,WBuvirxf,7BBfIPHR
XcCFMtPp,2mUWpXZf,ijWTHBXn,BF7JmtkY,gyz5QdRd,8zDjCXem
p7p7OxnH,SPhyecLU,s9EMRbww,8lJ8DMS8,Dy5dw51G,WoDVzQGA
X3K3cQ3I,wweIEZWQ,mHKj3cQS,dhiOeLu0,TyGjmUX8,hHJpK9ef
mTiiuMTj,RUOJ2Fmb,KJSI8V3o,5RVnE5Jk,ZSjpZs7M,cLSTS9jc
y2zoowZY,l8XT0fGp,f9UbuTIQ,YYkzE9O0,Cf2iiQJn,56P6aD8w
2xOaimKZ,hL79dCOn,u7m2yFEr,gsmFyQGq,w3F70qYl,Kn89pfOS
jXgV7moJ,EHwDsH7o,Xvpp6A4I,G6LaeyjN,dVCSekqJ,Df8OXI6r
dInrzMO3,TpAvv2na,GoVI2Z8J,KItoEV7l,VezL8YGw,OesLMdd1
jgoUrfc0,aKpZuZmC,th3Wi20v,raARR4aF,dHAJoPRl,U4pPF6WJ
ILqB3COc,iFWHyWRZ,qlrVlbo4,3ktoZZtX,uu3OJ18C,JSNr9Qwo
jskbcvCq,GjKNnJWh,pZURE9NA,O7MhWMvJ,4EeM8icR,BIZUVoY2
rdGhyCCY,U2zxJXez,eihaCKTT,4wj9iVN0,l3Bg9qye,lFHYkYAz
zyqPGZQp,6UTqfNY0,NnZmQkQE,aOtkvlbn,CwI5gwWn,yuhDFe2u
bSfSvp4P,qMzL0y2z,HmbpFl6c,J8rAQB0I,Oos8CJwN,YChWFcsp
EtEbeZiS,RVJZojdF,KLiAxrMc,A9teWvFW,sVoxjQvl,PUMJZpbj
1tOyAo9w,kuYBTOTR,CHUEZ3Hn,QUoe3hZN,rKz5H1Et,aTxM3ZkK
QeK9Ljvt,Pv43vNCM,ovrYPMwA,dkCqotHv,JsOKGkAN,p8TKgTlA
daFERxLV,L1NuPVj3,Zmtmlu7j,ebrIolAd,7kLxXBc0,E2yiN095
syDg7riW,bCrD6ypB,kcpWvBVG,g8tEUiMY,UKqf92S0,nGRt35nk
WWBTKE0d,Vfm8pgHq,9iRW3ZBL,9iMuEyCN,kLP9zF2U,z62dC2lr
u800UBfY,vR2hm9td,rCa9irSv,Vg2C6F50,qdgGZVH2,YQDza9JZ
5STMQqqM,5FDMukVQ,e1qFUCA7,MpP4GZFb,H5BZ6tsI,xnOiHUUr
ZDDqyDEn,QU4ycTI6,7olYkeyn,GW6nshph,5WtD99SG,0yGbwoO6
h4YNy8Xa,Dc1WNGW3,HlZ4FCTM,fMIjPuN2,krQfSV9G,08YGdts2
YEWWPWxu,dT9qFxFF,0dKjnPyJ,sJXlqfmd,mLeP9jhP,6hC2010F
p38vdtNy,sBXYarIc,LsrpwxVR,ilb2oRq1,aIKsUdoQ,So9PmL5F
e5CfxM7Z,wgrZFS77,KSvcNnka,iRXBAGj1,IewWHPVY,LCziP85a
iOvvYvsz,rKirgwth,pCKnaNtA,Bfbtp5Zk,wfW39W4v,zF2lh2Ns
tbKtG5Ko,xoTWtCQv,tPtdsM8H,hJSby5Lg,j0RlOCM8,sIjqceLN
0kqttX8z,K3mkrtjp,InWsrfAE,N6Q0BLhv,pVv8cNQS,X7X55vK0
4K9Ty1Zr,uxpIN1sx,xor3IGrC,u4eQojj7,Ihc1YKgR,dwRbSktZ
wGfCFtBC,DPcWMhGa,CAzmCBmz,8q2e8vk7,oKakvoN6,MtwqugDL
Mpl6hLtB,lFmWY4U6,X8Aqdgx6,KheBKTEe,OJfryjrG,X6oPUvpF
F5rRifbV,4puzYF6d,Vqucyd2w,AWOKg2hx,lIRPhbYF,ukv6n6Y0
LJKhRP9W,f7Yvk95y,HcIahHdJ,xTZwy78H,c1mFnQhA,taZEBspA
xRBLT3lX,JzMKWaN9,xDvq3EfF,K4UALCrR,MgGfXWeR,atYmU1VD
rHjF0Xqq,lPuHlYV0,AOpNqyvI,VF4cPK0H,GWXrNy8m,i4Xp3EFc
rhpn2Yl4,52w5pupb,g7RHqIKT,sBFEoMAe,duurzAir,F0eq9GWd
8HbWKx22,OF9ozHRj,FyDrsB7D,8pAutwNI,NrgiK97T,IKqHvHIw
2mZnF9zn,2fPdxVj7,p6sKfGlI,YcfZcBmD,OWTfyLvu,1sO6Y7Yx
aCj1tz0A,ffiKeSNb,E8N4ur02,PDPVExEQ,Gis0esMM,CW2pDhHd
qE5Hjgr1,Ntxeg7HA,9PR7bIVZ,dWwGsu6B,uBgimgJB,igyi9PJm
QdezTvKb,lAsbq8t5,Li9eghZ2,T6nTnjOA,ZRNXl81w,6mA53WOx
yWtBksEK,c8wN9YOC,J6w5QX9X,bTi4RM6H,qIkclpvS,1Y1rHZDA
1GYykXBE,gwmP0KqL,dqJGuYix,kEQIdAk3,EUr7oRQa,BXJMRSbi
Y57PxjEl,Xhj9v4bq,y2mq8RI0,ma4WWXX1,3y2p76N1,1PwlO9nW
gOqXu6eD,BlhrbHNz,D3hFOvIN,5LHc8SAS,CxyTL1vw,MH1XXIX9
hN0v1G4e,gaYh962s,g1WaRVPX,SESLNLpT,dbYLgMXV,zJa8gsGZ
SLG9V0aa,2cXvU4nW,62vdsgPu,7jBB9zgx,7qX0fDGM,L2bpHum2
3QBuA9xe,cB8lnaUd,c8fgbcmS,W5ow0tYg,7vohHAFk,YqRsEXGU
7270SgrU,9Wu5ty8L,01nYVNZ4,rXBtkHdh,2A2CpBKw,KBQ5l7yn
JYJCuZ8F,SE4OPO28,OUPt1Qm1,HxcDrnuR,SvmxNiaW,qNfW6C2k
q3xv1FVG,Dxxt2ogL,BKiXd96C,D12IGD1X,UWSQsTMz,7Iah0Dbg
W1djpg7V,9XoZYSNL,18MTqrAA,zpMa49Mo,cMqT01QX,Eue6C6ep
AHwLBwiF,nfpmAPJv,snwZdVFY,JM9wLCN8,1ylgTtat,sPmiZJCm
fpJyaPf6,ka2rySNk,8BguBZR5,HGclxeQU,dCfMducd,bYyYCuPp
NeDXDz3y,R2YSJmu6,Tnp0jTCc,kxNJRs7L,fuhnw3Ww,mU0ty57E
NJh6CkWU,pXxZx4JI,kpLHykh6,mbJhCPcO,3TMfFKKW,aXb3xjwf
REVr5kN9,b8Wpo5hq,ib0bOuTL,G5yQ3fCS,vhKV2YJl,Pg3MVofA
GeEU2AYP,DYrjq89I,QrnWNkfh,IutSALhN,bAv4hD4G,BF5ljNdb
byfvYfRd,x3c59P8D,IpECyP9i,gYmPblZp,MvFq08t3,AN0ImnA2
wKCpIZdq,u6k7I7xf,VFpwO2Za,Qr5GpKsp,Kw9AAyq6,XX0Q41BA
O4MIobMr,dczsimaz,xpkr3TIs,wVmofyS7,xnUpCo8K,pLPyhr9q
YISQOXVC,F6SgQpPc,GE1gQ3GP,GLTe2Mnp,SZTXB7HW,YiF6x8pm
nm7GGBJe,zlVFdrlX,vfbkNcl0,XBi1RrvQ,rbSXptfE,BsRALcIs
xQKF5m7E,UNlGrVy8,dF5qMANJ,OXr3uDuI,1S25Yp0O,VSWyt6rM
V9Hm0ALG,U5LJAtgs,clI218oX,Yl8v7TCk,a0RVUrWs,PlT9STHL
ZoZPpe3W,YirE0go6,RHGdcUOL,cy1JC48L,kMulnyMj,P1KDOHJA
LhrDhZhQ,L9YwklNo,FYomtFdE,bOvWk3ug,PsxufZ7q,K3AoyutZ
erLplnYE,mYW6nqNZ,278gCzhu,1owmdtfA,CsJshYPw,hRelGQRY
Ukl5f8q7,hPXOqJO0,2GPXHRDi,vSXXJMLz,wvaTYDeL,koHS0rde
MAJIIiJW,PmYFxEmt,KSbDz79W,9gVEC2zu,XP7kbFU7,6FrsM6R9
NGgrIriv,27mGQAad,jGA879eq,deOOqtXr,IavUPmt9,SNMiRuCu
d68lDOGB,QjCn31aD,ofXumc9a,17X8yjHH,HswvKqpE,LqVSD3rA
Ktnip0a9,qy8MHHw8,SPoROVnj,0hVnyu5N,lqwRGltG,SzAklCh8
G2sEwCex,uNYFjiws,D0nPOspQ,tYlH62wP,CETmfMdK,OOKYFspP
nyjVMWbL,wIXWKPMz,n4spYaPz,3VlEcr93,ujsO7WyU,dJetoPf0
PGpMtmjF,C11wlOUh,eRZQj8rQ,JOXNuHNN,CdrQ9LDt,9bXo317T
kxxI1ndt,9EJSya7I,FEdjx3CF,X8yOly7a,jJAt4d8Q,ffrcpWkk
timu0inB,4lJ7EYBP,0JWBu52A,8qPSsxM9,h8yVFO3T,lbVCGFXh
3oKoVDeq,IPz63B4h,c2RrK3Gd,awJIj2qc,VtBmwBh0,xgou4v51
SvN4Om4u,20ZVEOcz,li7RC16T,Ee4pNFez,IvzMYGnp,TPkAEjkY
dBUorBWY,ijk6o0r5,0YOiXBH4,nqQHARld,QBLmSo8N,3Fsifzbc
Upt4GTun,Rb8Y9AmF,e8vNT8l1,D3ytIS6i,y7GTW6sf,SLC1H6Hj
rz8gMNj3,37BmAuHf,tXJNGqUe,gLzz4VfZ,sruIcWmp,lhV3Ld0z
5cDlNNKQ,pyg6VDrP,0hXeButq,72KTAFhB,CS34kCLH,uvotGpMd
0h3sfC90,3nT4vO3m,sHR3NyEf,FvW5h7Kq,obFSZpHZ,2tbrdqNx
ZvYlJMGS,uFMLEHGg,3lW1SI2r,PO9T7eeg,2JbN10w4,i8WH2Juh
dlXwbyOO,0UgNGM8y,lBZ5FN8j,M2HlaIqU,Er604MQZ,ZqMYhNzY
tsDT3IBu,LTTjz3ur,PMommMzw,9GXHO5j6,HLQ9RTWe,We72fPTI
50Bv9qUv,NjIWejWl,eftvzQNE,K4NEXHb5,gq5ag6Ko,QoemF7c5
sX8nHMyE,Cg9RBJRo,xTfvI36L,q0nUmEoC,4Niw84yW,55h2EqwE
Xp1M89YG,VYTqbh84,qt4Vpbuk,a14in81y,ImKJgVYl,2GxGPYwA
NmfS2c4J,i5XuajxR,MIdMDNGU,X60KYiru,4wOp0Jbg,JnFlYtLN
2f6Q7K1F,V7UD8eZe,dctvIPhy,UboFp29x,2JpJ4LXB,sBldJMhY
el2pR7xr,UtxPh5uA,IkzhtG29,NT2NDwSE,v2XzMtzo,T72wiPqa
O7mF4Pfm,T2dGBad7,3QY69IKK,97dYspbt,8PiQtGWL,kENKmpZH
MSDiumXt,5nTWC398,41Q4s02T,lCCDtMYS,aZixQSxp,fxyd4BrS
40D69kGy,EBa4mcgi,3EKNezZK,rjUxoyhe,0fS3LfMU,hRYrQfi9
unz1oeYc,aKNyBFud,FgrGWczE,CwmV8ntS,ODxg1IZ3,yKybrJ9L
4bjc1rTr,C0iaXAVd,ZKC16LJI,1bLmjmiC,03ohxEoa,grgOYi7D
HciE7z3J,AI0M8OVQ,23XTWEjy,N8E300Uc,8PnDT4Lm,Od5jvnm7
mB8cWID1,xawYy1Sq,YvbNeAIH,xjpyPuJo,WeVCA1dZ,aIA4C0Jm
PhET83dl,tALQpQaT,r2ZVhdwE,XFiXdF08,5sv7Nrtn,77I5YrcQ
QSnIJFTF,OVXbRnSw,rqK3xNjD,e8iZShqG,FslsKBFQ,FStzN4tB
NTw9zoUO,TOV3Xm5S,nWvYmapW,uCq0ds30,eshxufA3,yg6WUUaK
ZLO6loVQ,WBlLZX6p,q7Jjg86A,qK0BUrKA,Wh03XIDK,qDUrw4tu
Opr3W9WJ,Aq3tHLGJ,2rGCGNLO,CQ7oNr45,FZTbfprc,ncaMFEDg
lNR2Mwne,guyf3z4f,X4tnIb29,XSk3lOwK,reAoYS7q,xa3flp99
rdTC1BQe,WrnWZB0O,skZYzk1k,363jOwxc,hXvVCkH0,XanqL1f3
LEMVn0Mx,HVTOpspr,PMu4YLIV,MW0a3vln,hVUe88LR,L4OF78W4
ugomKr0D,7Jpa2Qgo,GlpYmGva,0f4LApLE,VtOgiJTH,6t8HLN8n
3N8BmoyC,37LfGx1Z,BI6FpJhC,QyVhb5JE,tB5xVJBZ,VkkwV1lm
8NFzOJ4r,GZ8al9ly,PKE9F1u5,lqtlQ7kW,M7SHIaZX,IEdbCYpa
vHve2Aur,gxiseHGO,8zwPgNas,6ShcSdJI,VMpZsp7e,IMu7cLo7
QFjngreS,jz8YeaI6,ZH3ERgoe,pS9iRK62,o6QE9K7W,AFgARaba
h227HY5V,qcpWI0sj,SGB7LpRG,VXT4ocki,VUaDP9Db,eszXSaQd
qGQQE5D2,CWUKjACP,vnHyS8hP,GjyELoCA,0v1WPo1a,fEzJtJIc
AZU92LdA,sTM6YQgb,pAuZH3A4,j9oFyEJ6,YHFihX3c,WAO8U9oo
BPCr3VsL,6IeupNsf,bWXxLfDz,O7sVY8YS,wmlrzr9A,0cJrFr2w
gaNdLNeA,HN3b5vGY,9LbSMUN1,n3FYtukf,SB2p0EMf,vToeZaTs
r35PpnRi,u5G6Ahm2,N5W4IXu8,ffOYr6G0,cGIwWh38,UXBZxFAC
GDlI3wzJ,wd4Ou4Wd,cRURBmei,3NO35A6u,2c0GocVt,iMH047ai
i9VzLQ1f,3c0bIeF3,WxcBgKOL,4XRhuwLC,tv6NeAwH,i6tHa9Js
q3q5RW59,SzjoDtxc,ugcj4J3M,QB2ZJJMB,TwhOoNaC,VUKOHdqE
MFHwIoJL,PWZSMXX4,C2sVXWVO,J4Qcpvbq,oGKDJEqt,Ifv3i8Eg
n1fRBAPB,e4lHHnN7,9PsFjUhK,zrV7dwR6,ljibenC3,XWet6r4d
gJpCePHg,uh7vjFMY,RzVXO9aO,BN4sU0lj,pr3lFQRi,B4UJN5RE
iRNf1WF6,JuNKLbG6,XSs6tis1,uQjZTWdp,JNxEw7dF,KU1q9YWs
aCIN9vGt,JCZBatfD,WKJSxKPi,d0ZhUPCl,s98GLzd9,fKCKoPKj
DU2ZNGf4,L39eb2Oe,MQ8n6Qot,mUPa1fPI,DH0uKNBd,JtNWQuba
DICnOGFu,ktmkdau9,RVco6Fk9,81gxGsMt,UJ0AejUh,hpvtDZ8W
59YTrpDd,oCbZsUNX,nsS60D2I,E09dKW8W,yDwZCmcC,0UPF2xzr
Vw5QqZxP,gnOvXfxs,74vZvt01,NPbVtYcn,UU75acmG,29GgPsf9
VIlp7BDz,XKnn7gvj,sA2LBZdz,bohpGNDe,MY49iBtM,bdGgYGKw
IZbbEJU5,gYPJ3LyG,7esZf8PJ,9quGsYNq,0xmISGK0,ViJxjrYi
m4Nbs36K,5rw2Hd6p,JNxZbLPu,PlYYUsV2,gaQiGNKM,KBteKlao
IXLTq7CA,G7E5pFHP,Cwr8yw4O,LmbldFZH,xYuVhqHv,1kcGkIbo
hKa9tcuE,SLb8Z8mn,6rarYzxw,OX755BsS,goigRzNG,FBzCOzhI
V88tozBI,Zf2Rv95U,LEP4wqv5,Os3xkoJd,WZNLyR5q,RO8crKW8
SwIcd64d,iNHs79RA,j2ecdaA1,8x6g8EEc,r63X2gx9,NNzvvYMP
nJWEUYV0,Yq2I08c3,d9gHFOrT,rMUqc4rG,9WXudPQq,1ltzlQsv
gXlnkJJW,71ljiRs6,fOHS9skk,TwQqP3wt,1U9ZiTQU,BqYHjI1w
hPttTgmo,Tyd3DUr6,KwZqE0sx,JSl5B0ll,vcR6e1Vk,eXZm6i8T
guLzO5DS,ppa3UQcr,5a1vhIrW,QWsc7sP7,GWHkaKGT,U0NYnJjy
AGpkjecm,HS2BErmk,SgOudYiC,97009Stp,qLyWoaNM,lYhij5UY
Hf84UDQI,ybykwBQ7,g7eU6I5V,xAQbsMzw,SL93JaQm,vJUjDO0Q
ij8hjuzO,b9BCJgSI,13gbLxSM,nrVIyBPG,JhC3gMlg,6hPW4y2h
aNXxf7sO,aMtiYQPp,LOpQOBK9,iUb5ocS7,yVY7TXQK,q87fkZs2
sNLvJn66,zxgohrlp,pevNn9EL,zieQSmRj,LGiuJfS2,VyFL5Xlr
mvH8Th2i,SEdnHGKi,V9DVtkaA,SriN3hry,tQRHUnSf,i4jj85eY
Br29qdcZ,9LICy5T8,NS7V2Ygt,uv13ul9V,vJ0j2Vgt,G0BJtlmH
EuFWdNLN,xWG0EHR6,V6j6KeXW,V65jZ5EM,WjBjoyxa,XIUf1oIJ
F5iNzsU1,PFBFuRV2,nj7ga7eb,eiRkNb2O,1x3mYSr6,rXo7JIWZ
wMR5hIfU,3f7sIJcV,HIe7JESa,kihOL9uv,STvq6DRY,m3rrfyTs
hWFKSdqw,pesUyMDZ,CpHBKSAX,Sz2I7Acs,ZfmXiJQZ,PrlAgdt3
Yg86egWP,vYZjS544,VGle3q7z,qlA3qbeG,exfhjKgp,ldE4DOCc
QTqXKVLM,0SnQJ7iJ,C19AY3eI,VFGzL6we,iSaxCYo7,wFUxmr4g
C3oGoR6S,kphRkrsl,MwmrnvjT,XUrqfmqG,pnwF9CGq,ecsAltWV
onMTBOwA,9oYJlFYB,xY2yF5m1,HPrn403N,4qpkgosC,l88EyT7p
bFCi144F,IQOvwKxa,ibLjLO3p,zA9IQRKY,ueKDIb6n,nJGVvUKF
lXZs74xN,jNR5xoOr,dPjR3P1s,3wy16zwz,1pa0gaA5,oAP92fpl
Nzk5Vmwu,cOvTHexe,MAp3JkaV,GXKYBhOC,o3Fd1XNo,EIHr47tz
ZsZKEeyr,fzxGEMAb,NvXzEe8i,jLEwr8Bv,92uHsQY4,04euWM0a
OhHMy4Wt,InlyUbfh,OxEdw0iK,ambBICBk,LDH2Gr3u,heRDfT3x
VfIEfu4r,nwWMpCn1,0QCokw1c,sxqmK9bw,WDQXTCe7,C2phXby0
s8FeaZd5,hh1SDAw0,r7r8xa1f,1i5eusFz,wG9YZwvK,87hzR1wk
XRzTE3yQ,8hnFVrAQ,3QQxe2a4,RzOPEpkx,4jD31dTD,Vx6aF3GZ
4ynmZA90,jmagVCKH,Zo6L3r40,ILSxknf9,SkQWkjWO,lt2NuWQj
h6B0Uxin,o4RTPTRj,4R2XKRNg,ChpsMqVz,xlY7D4rr,SYcEzQLj
brSXpubW,OjzGqDXi,JpaXlerq,qlrIVraM,jCDEWktu,nxV6FSRs
ORE1bdWd,MJ5fSWbw,YYdBhUsv,hDbIV1BO,xWLmZVop,5GnKnaRT
cMNaHsiu,kr4vr5aw,ZFmznr1R,KZhQsrt7,KGwL4akV,W3ghsvZJ
QwrrxvRF,mFdJoNsY,QEUzavWV,Bqm9yjD0,ZApJRIU6,LOB3Hw23
wXKAxLhI,hnJLjmzH,K9lC81Mn,upENYYHB,i64YOddb,JinoFWv7
SLBXM3BV,LirGNOV3,5OdKYLCu,3sAZDcP4,FnG1Pfsx,nrhpo9Nc
vHlI8jec,BoPaHyDo,LxyCYw1e,F6H545gX,BfOOr4Wt,6C9Aa9el
jsNTCzOp,sSuF5lfr,fjj2FC6W,440oZXPf,dBPhqVCu,49AEXDtw
Ulfhc0Oh,isrVtf5R,RD625dvK,7SewTvR4,ocPSC8O6,cxOmIaPg
Norhjz8n,JFMavOw1,88uPTe9n,uQALT8jU,96cPMAD0,Awq6iEnX
eL1IY6tv,qu3LWabx,QQq1Bh0c,cozrHzYn,DktCr2e9,gpFp6bbq
HrIDzjAG,1tX3MsLm,aR59WyqL,AJkdRxrM,67MmPBNJ,XSCPHTtT
yJ5dBmI8,PnNUHndT,KdJ7jX0o,hKUni75X,h0bHB3Me,qeOzwvkV
x7PpeQqz,UocsBd6O,Ux0bMbcP,H6veg1fU,BoxhP2qP,OCWctzHH
NyDBxz1O,LDBWECax,TzHMkT8Z,Pybtb8XC,e8v8MDcv,3qkB9KP4
1doFaWA8,daioWyif,b7YkX9lQ,YDtC2rH6,vOff9l3q,bLpkouhd
ddxxfXxV,Sp145iug,C7cYKU9K,QGECNvwb,L6ocNzNg,QXlv2a7W
OpIr5bKs,tTfhbuNL,tIk7Dp1P,uuCFS5sP,zSWtZMCi,cYJzug2o
GZ9HP9Te,aSvbORYX,bSu4UCZE,TLwjWlDI,n2NWcz1q,wfWB41Pa
YQ2Oqu6y,Tw5tL71W,ljyBWYIE,JQepWsB0,0BqNDlfA,ZpYpr9Ge
5AIf1ZAo,ZIpezNNs,JBtSOUAp,jXgWUrF9,f1fx0y7P,rP5841sC
U0ZlfRPj,dKiKzkej,cdwJhIFY,nPuiriEQ,FymOQTrS,3PvXlCua
eVzlzyQT,46XcZ3pV,Z5LYj5uT,rT8mZPal,tVx7Pl7R,hyizTs2y
EzDkRTOf,xwBxwkqk,RoSUvNM2,BNKE2xIA,TpktWPG8,k9gbFw1a
F2s2qxHH,FfzYq7vu,7xLJtYLS,obcS02Ms,J730m6Q2,pd4Bwc0e
LtKIDKdb,WyUnAJTw,2YScj37v,gwwADR2M,QA6c7JT7,t7R1yJUl
2ywpEYmp,rGPpxQsB,WaTHD6AT,soqC64wd,irpWj6lf,3SaerEbN
TWoWtYI7,bgETm3IS,TTN5aOZV,HbE4WWUt,PTbyVodU,2xjClFpz
MmtsgEam,G0Dru5If,sLVWWxft,H7EvZZat,GM4lSBYS,eXOtICyf
K1qWrQN4,YQ40pSiG,aXXJTeJ7,FiHiEJ81,jj27r1B7,U1OOXCZS
L1CfnXGa,zMF1xpbC,v0e3cPJk,LI968EIf,1QyLyvKI,8lgWe2Rg
4H1ckIKZ,r0VP6O8v,xS79k1tH,UShfdgGn,7llIDknV,UYJw09J5
TbG9tYr6,ewCYPknM,H6fzYPkA,tM70REtQ,dn8ikL5c,e8yzG24o
jhORdQpa,t3DZ5kA9,3Hzddru8,V9QyA7pf,vlm4iLUh,KjJ1bULz
1HzJK25o,SxEmwbLC,nKzYjNPQ,FFwL1xl0,G9HpC8X8,Cjxqmx8y
TgINfymy,b80oltqC,UX7X5caG,gbLJsqBN,Xs9OtKn0,9dFd4VvF
2B91gBIg,dEhGljbv,468ZymX2,WNX27zBZ,uSP5anvP,uhQlBhrX
fSRf3Ve2,MoIdtVIq,JQVJxFeL,fpxi6gBg,jbYMbHP1,sjTuATGY
gdTNMZ7h,8FEc5LLs,Vc2MKBeH,Mx50QWAd,MUfTsto6,nxoOdwLO
CQschyGh,JRmOO4cg,1lP33mIq,uZEHSD4P,iFAzoauE,xDXA7FIv
PvDP3oKg,A0Q6jWt9,RU4BvNLC,qqwa0pb6,MCNQY1HY,nyU6Z2pk
uG26B8Au,vRVxJd2W,n5dZdShe,I3IVvA22,EL6MFwx5,R7YfHEFM
TGmljakw,4weNkT8L,d3UtUSOb,NhVkt59t,Upd2amC8,gpNYQJ4r
clLTQadE,nyu0Nusm,Rrg7qAXX,22Vg0gZh,YU5rzZiW,FRgjD9ab
fnXfnWlz,I6pmJt6B,LgwARPjZ,jw1vX0zL,5gg43pa2,O3YAJVuB
c7zQ4grp,IopFtcX0,pbFo27cI,NeEVXSVv,EexOSUAT,V6mD5Tlt
iE6y00VA,RHo59jMO,uWZgvk06,BKDaj9pY,xRummyjH,fQ64dYoz
qrx5fZX1,rE3JuyHo,PCZDVHTX,FuRHWkEZ,9qiAtUVZ,g72KjjhQ
8mIEjH28,NH7XtUF2,eBcPeTSP,vVj1qijz,HvY8GYxZ,xdw2dp6U
xIJLwigJ,2WwaseqU,XVAdItQ8,lj3uJHs8,gENp3meZ,hOUrBGqH
caLJbO2E,6Nxq9sVg,9e0OCdtr,4GLvNr3c,XeFLt9KR,tNYgJ2hD
S9FQlLYZ,bty2eJ00,YA93epbf,J3zaUF2s,qgvcphx7,G8rLdXOI
XForRzlN,F1vQotCi,1cTC16rF,SosIuWUZ,bSMYumlf,iEC54o8A
DTLyxXdq,HIm0fXRv,XAJj1IAI,ZVxF28MO,4MP9OR79,owkOlBDn
fJhEDKHG,GqpI2WVQ,CV0OIIKL,rGNivu6w,F1zF5Rbt,HCV3MhJE
juBlDgZY,SVKE2Bb0,0Px1tfaa,TENPQLBs,BoIRdXFZ,6spIT3uf
visMyCzA,LDEyl2uR,06NMZkZc,qtdPxAH9,CoTuSYJt,DtUwhklv
OM2Ef2HK,vA8GhYPR,H6wAZs1C,zjejwFtf,l1afDRI9,IqEAGf6p
D5Jm6V38,CY5GGY8w,kiOEgyKR,Hvr09MOn,J8Jk0faZ,ES7qNnjn
jghcXblz,fqmkkENO,FVDrrsg9,qlsXJuhS,qZy8VvM1,7mQapq44
yvKeQG15,r3heuFNF,ncLK4BmA,iYim7BnQ,uEBDoraa,vGeBbTEL
6Qf1EjXs,mySvkIiE,Puua7zgD,4OeDeXQF,m223JPqC,soUU8ZVT
SN5n2VW2,oVvl8NFE,UhTej8P3,xbO2DW17,J95E1A9Y,qxv4xmvN
K43lIVK2,exKbYYz5,MVeypy8g,joKtNqdf,cp959LGZ,2OtgezTv
zGFfezdx,a1McBUJL,RC8SM9Yn,ajFfd1OV,8XHkOf2p,SIccOrQm
tzPfljvW,5eTz3F6X,Bwf0gsl6,o9gT35a5,ZZD1uXgS,VtVmkC7W
dze3xOtj,nGPlQ4w6,duUz9FSB,Bj967GHT,VjinVvhI,JveBZ3dy
Du97vqmW,U6PZAruT,B7YVfscB,osPQqVrk,dt5SFhNP,X1TGPhHH
v3UEHiXL,mBdjfOVv,Kv3FU7Zc,qlHG16wC,uQapFHNA,AfbFk4CE
HbpVd6q2,RDoPri8V,RQxAGm2f,mC1mvhWF,E2p2oK9y,vsTyLZRk
MTF2BHsX,0vQ1Cs0O,q3j4jD3s,fdTFE1Lz,Mlzo8c66,2ucko4t5
YfSTVedn,svFSO1ok,Lvo9TxY0,7CKz7xHk,eW3U2iEM,KOn7J4Qf
Q7AIjwsm,ipOQs8z0,3v2qycZW,jsSK31tL,ymDNvLu2,QZlAbVsj
TwMdDTan,SIBGDK1K,3Hhtknkl,uAg4YiM6,cV8sirsm,B9cbnaUO
EeityY8r,RVq1H5JO,VgArlVNB,vYOBtZgz,wEWjbCQ1,PghFeH5A
VCDjMC8H,LdG3JW35,Rz2LScrg,O09LVgg7,HnOMSauf,UMleKnbV
r1m7EWrH,f7JTSMIa,UewAu3CH,m3i33Dnt,dvPnjYgO,3iZQhFes
IFDWZNTU,kCdvOzyv,wP31HINN,UpLgn9mX,JFPZftvT,pffWbWrR
xJBuUJiG,xq3JOuSg,f8dk6nSU,TLp76ZT5,WTFK9gTZ,kHXVhauk
OwxYE11C,Dkp8sIJN,FfMTBzTS,XOSNv9N7,LU864A4u,VjZPP0kP
f66tn0qX,iYDx8QoA,vAm7cJwB,2wiTFP9l,lYRL0Jz9,vJZREa3k
UZhv6uu0,oRfu6ViU,51r8Xk4H,ZJukhKr0,W0ejvO0V,FFfeSnfX
QwIEvxNZ,J81FJszF,z5v221aN,CPZC8ULO,A6pa6BXP,mcy5WH1l
KQWjiQQg,oixF5hM9,4yaJKyQk,ggdUIWOL,suGOzApI,JCAjxbGH
QxRtydD5,yBOnsiLU,cx1vcIpQ,5yCK7Jvv,EKpsOCtf,AwmZWt9h
tOFZsJ14,HZR4UwuP,aGYIP1ST,K2LcCvsW,WJql1mLF,7Ek0FYSR
dkCIEPYl,yY6kj9kt,RFBoNVWK,8DxM6nZJ,uqCk7i3Y,aUFiBon2
0XHm0PpF,psaE502f,a5xxRaak,JuHjjhkX,EodeRLWO,cfnhld3P
HCbARJX2,35AI0SuK,3ONY5qMO,0Stm6pdL,l7avO0RK,aaYop67r
Gzgam42O,66YK4XGa,JkvYBn81,NnldrBkB,YWaKfusv,nnp5pWaL
CY2LFOy3,Mpr7nFut,7jc1Ohb1,bFW8680C,zQE6osHK,6C2r9Ax7
iuZqGXiy,uzrkSZiL,YHkU7Kpa,5Pnj59n1,lXs3TWBG,c14s204R
PZaYeDb9,AM30QSwT,6UIvhlux,PD9lWSo2,dKCablwV,pjwqJsRe
2HraiUWz,kaFymEsH,71GrsrQy,Um1Pxkrq,9SbiNuFd,uk3rypnu
muhACAwc,ZGmYopaa,ulZu021Z,a6IAX2sv,I7mTyORA,nkAXwRJr
8HWhfVIQ,OykXhXFH,LVT2ju1Y,jVhPePC7,pPON4g7q,hjfAbRML
8EcZReln,slhYwE3g,VUKCyBeu,sCuTVyu9,j5IOoVTp,xl5SyRzL
wuS8BT0L,idjT1BHV,QWMfiqPb,PQUkn7wN,Xrx0pRr9,yGscPitG
eBWyo1r7,7r99wb0Q,ig1cFXOb,5OWjoA2N,9RB39FAr,Fj3R2Eu0
aUVuL50P,4bEgr2at,MwYHF4vf,5pihYjDP,pclIXAj8,mgYo1rv5
E8z0tZek,rX9EjnhE,fPOmeRZo,BQbTo94f,2mRBaxPB,VkoDBgZy
2XAr7lV2,3Ch74Tax,6jO8vuBz,HV1f4tgQ,UsKq6HDX,xssMcpFr
hYvIPfex,RRUW78n7,3DGEMR5K,MfLSFDhw,SsfT9Z91,ZGuY79jj
hJisauOz,qCB1kTEw,KDwKtGKA,veB3O9rj,HLubWAcq,icx6J8Lq
CNxmi6y2,3n0QM0Jc,xNrgIHg3,cRufWloG,CYDmSQMi,PRgj9HYy
ZsfJKgDr,YK1GW0F9,50oZeca2,vZY18eNz,urWzMaz7,rDuLD6ES
12hhqDvr,naDQ4gxN,4haHYg5N,m9DUShdV,7JHfAgvj,CWB20WTP
ATt8ONOW,ld8KYZeU,nvE2kT0n,X9kbc4a6,sPMRyrhA,4JmkxdYj
c8DzyRKY,0BXT8p3b,tgNMvicb,PbZil7Xc,GljaOPlY,6JcmMOD9
ZPAlZRmA,1GS3c6xZ,gEF1uzGe,NKulsnR6,aSObNpXF,dsajNS5Q
mKVwORT4,Jbpe8XeM,UyY1oius,aDzJxkRL,x3QpXkn4,GynWHXzY
MSJpY8LZ,djnBwOPr,VArG9Bc9,JMLxYPlt,qeyFja6A,ySzhVJVf
RUv9o1dS,tTDYAHw8,ZXEuZblc,AtP49e5v,kL9ZAEsu,3lvUYbUx
du1o2zPY,MS1F41Lt,FoVVyXP0,J8HF4YUY,YFHEdrZS,RNRgDMgX
wVll4xn7,gwzDEcp7,yH5bASlh,FSaLhTAt,fBJgcWGf,GqZtQ87E
pfppGDs0,oeKKfvwz,kB58VZLy,mhl0O9bC,Sdy002z3,hRf62nGs
AuhUdRXX,HtDj0hH9,TU4RWbKA,9dfLTi10,xjPepu50,i2llMw65
UdpvEVrf,jGNVNvpP,lkDGBhcT,yl1fiAcq,Sw8WMCnD,tan2Y0aW
7CDr0Hy9,Z8W1D16U,YWY4K0Bo,8uuk9dd5,40YAbZQ6,3IqNThQ2
HrTf9tvt,e5QwGjhZ,bAVZuJsV,6LcYsKv8,b1c8TlhZ,AjacqZWW
AdnxCgrW,rkYoD862,Gqp4jQhc,53JR9WXJ,cQQ6X3jo,VbAcExsE
dAWFBl8k,0jGUnfuE,BPgbg78S,RsT60OAk,88keFSh3,ZdklHNM7
wlbdqPkL,PcoO7P8V,aYCg3oOi,Ou1zWpUq,txjEpx47,LWvCKcsr
uUfGEeKL,KjYWVbRD,8FprMUAU,Hitea4aQ,h4AjHdsT,B0BwmmxA
n9pGl1w9,nYq6MLXn,6hFUZPYe,FG4Uv3JJ,OFJs9Qgv,BYyz2y82
Gru7y0SA,33w35Xsc,4pmwGdCP,Y5uu5ECw,zAWVxdTG,1WgPlvUz
eM05T5dq,28imCTgM,lRQaMbIb,drrsQWmX,igUhwqdp,xiaVpLU9
7XwGSH7b,hohE1BCl,t975TZHu,NnNBVwTz,i8WqKb6z,RVdXJOEq
6cXVNlNK,BfNR6MGA,qKbpvOYX,jaJEOn4w,tvmfdat9,F0Lt2kKj
hWn5GBbm,zcmMfWkS,Edv2ty2C,rqxzoVjv,44rlez91,r6oAZCtE
1QvQxdGm,DbCzAzK9,jf8fdiwO,yy7uVQD0,CMJzhelv,gaPJKLiK
V0MQLRmX,k6HT50ch,X7jGfsWx,WbqkZ1P8,7TVoFJFy,8hcN7VP9
cufoj8v9,46CBSvMG,jUtA4xvl,NzRGk9z2,QXhBzmpR,9GJ6HG55
GeSvqHJi,pOV9fS2A,RQkwNDKm,Ax6es2w6,YecYPaHp,WaUXt6sG
lx25ylvs,1cPEdJtH,Gng388b7,4qr6XcrU,lGCKzOeF,3C410qBa
DV5owA4i,M8AVBYgS,4l2cmPrN,JwZvWqLG,n5oLvXOZ,zS6ep8AI
uLp1wKpi,vrMDWmbo,eMf0qUUL,HZxKPKEI,c9fVDkdp,ouAPWD0e
8KaEEETn,eaTT5R3y,McSSz5pE,QpHytMuS,GT2pb5IO,x4XzddPt
uIiKKPNm,0w0SpVry,c3xzZgto,3tnoDv6I,26MQMjhd,dVdvvelV
bz8E7aiJ,j9j7bSMZ,uqulSN6d,wa3wIXkt,8aGWCeRL,NR5aEhxZ
ZnoUBW4f,IV9FX17N,HbK0P1Xg,0E5vqZqH,kqyW6Q47,FkQrVNPm
6XqZwXZC,iHahqsm3,yyOH0E7z,VEirZr8B,GM9CRS4A,emBuOTAJ
qbFYVltk,RXcTgkQG,R3WYMAHE,L7RmKESB,wNPV2uW6,XCXQRM1n
MyEpyDDA,vNMetqTy,Iu9frNcR,h1wvmxEU,jPW2LlRt,FsfKOteU
QLygNvEg,3fpdp3Nb,3oLaDrwQ,uyF9FZPJ,BOxjRxHC,6h6F1WOn
DH0FAkta,wvVtycmE,EzWLpMk8,dsyvIzcm,Z402KfTp,zBWYRqrN
5xLhdESr,m0zxT55e,jw8GkCHA,CkQ3tP0O,9fRMA2dP,rioIhKv7
W8Bu7cqh,c1FD1MVO,WEHRgCsv,nwCh9voZ,smPopFVP,GqOREmKH
PnXUetEq,HMK93pAV,TFXxg8IF,N9q1Efdc,VjS4LK7r,Xr8UdztM
aGSvntEb,E9KJM2VB,A5wV5PIn,IPSvlXCK,sq8feMmp,Z6zzZmjz
D3qTgdKc,LtfBTXHg,qXWBrye7,XWK9wewP,jc9sBm4L,Msvhnzzi
OI2CCGkc,e0vPV92B,5uaFdIJy,9ryOfWXB,nB2qNwCu,1Z0v4IA2
GaFizztW,vno54eos,6XqMBSNq,amg9De6S,ptkP9CvI,Skw5cUjW
zb8Nvvv6,XU8bUmDN,IvjBwghI,7s0HlcI2,cREhhtLJ,XDVSyiRZ
H4UM8jXU,6o6qOkIK,zO8JB8cA,EuWOWNwk,XEABDja3,9W5hlobo
3XG1UBH3,qYoapM6y,XYQZbHLW,eHwMN8wX,ckKVYTWN,T5kOQA8f
ZoiJLuPx,1ve9ZsYE,zc7b477X,DeNsWzYW,oRKGUvvn,kQYB9Xbz
uVf0QqbN,RC2WAtQb,BOxfdCOP,llsGLiq4,HaBewJvH,DxvmN2IF
mWpMqGlG,GQAH58ME,ulY60QLp,Wv6cRzEu,NATzeFyA,ED4hhbvG
Qkd4biFr,0IZRBLFg,dCDvPD1u,2FDb2Sb6,HBItSuOJ,Rs1BI8dl
LtBUl7zq,7d46xluq,T6YceF98,UCHf9Yjc,UfZVKQCJ,7KXGfJdY
1dJPChQJ,6vWVMG78,cF5IvP2S,0ODeWeOq,NpueXpsW,0GFstojV
8RA8JGzG,zge8Z2XV,uPysl8VQ,Fg5FViUW,V7h78LXD,z7U9sMuN
67WDAnVH,tDr5cxeq,cyTS6enA,lLiZhTD2,jES7HB1j,gItFBT0S
iwe5JS2K,GjpznEhb,IXEEjInt,BvSu1UNa,BRNOUkDR,lKMlE952
xir9QFCO,PFxPjCHB,zPvu9KaI,Dq0mHUHD,Tb1x5h5K,4iWkfL6q
q2WZkgRv,m7ZrphVZ,5zGMYB4Z,efrH5XjD,EWbaOAQ9,n2YP2qER
58oMeHx0,F7bCpg8B,VFz79k0V,o5Q4NIVT,lthWMgwo,UgFuRLLr
lwHZ1BMQ,9J7pUja0,vuxSlcsR,EE0VQaDG,87ZynEdj,necxVCz5
YmuqbNYN,XULmZB5l,9kTBl53V,O3SXQS9n,dZoxoOLN,8HjnNdZq
0annL9mP,7HQjHc3C,z4jnlRIu,7NXr6LAk,0W2b24Q8,5H8TJu1E
nD1ylrZu,mWknbcHF,UBc6qOTg,wwfHcbAi,fsFBTJs6,GreV8VFx
1x6IsNWe,qEW4V5Qh,vLPwESfW,HXVSl6ff,3qgbcoqr,eAW8jxVi
7ONSUF9w,QJJO01jo,h4ziUeeY,hELvFN7j,0TMyZ9nY,SJHjW0wT
mxJBsB2Y,Un1MB2FC,9qCn6g6v,ODPu0ns4,JLBOvOtw,GxxgNCUe
ZZmrcAOj,IEgJFQxh,NXMNyecr,M9vOhhOI,rIHmPPbx,170YO9n0
PUFFYknI,LQxF0Ocz,zh4p9gNX,ZPGxflh1,RXtKEBVl,4xdvsYam
IPx83zBR,puxWqll5,DxYhsMJe,EUh8ZQF3,WzLx2gh9,95r8XL5x
BQ7xEXiP,81WMfOH8,lcfcU7rd,b6BC0fPt,4IiEw3xS,IIynCO8j
8Amr5FzF,iMDYvF0X,TW3qcvSu,LVNhz3Rp,bZbPZesB,jXXbDjwj
db8HmtIG,9jtAbvds,t3Vv9rJT,hemxE2gm,LbucvQsE,S8zHCgM5
j2TnlcGc,dUMgxap4,bnz2WVQC,GJCImMcm,njEiJF5I,jedPqrdU
pBAu8UsF,fJrhjmDD,k4B0dHo1,czRC6oxu,dF5e9oCA,ckNcnW29
ktpCWPSC,8to9xuTq,u56RlzEm,ERn3BE6H,bDP4O0tJ,0q3uy0BB
PnCD76vP,LTR0V0dH,T82P0lma,cYW3oQhx,9bol3qJN,ewmUDV5l
lZ8bws1V,1LZcoQh4,imjlLiAZ,eQ1Rcknb,7W6bbzas,Hj1gVugB
QV3OFeUs,K8kxQArF,6yd1x6hp,EeFkSmrh,hXhVK3Qj,HiKRmvmt
MLGYAa1A,UlSQiAgp,kifd5Ztk,VZdAgyfb,x9YuftL4,hioyYqdY
w67b3SV1,A5wKJuSo,BfCWhvB1,o36kN7SD,TmZkeywe,GXW50w6j
VzT583Zg,vEtkG0uj,AGvHoaTU,G1fXexUq,hWQjLmjf,T6hhFRyM
dvAK3uzx,nHJ68l62,5ZelRqjB,jJgbcbdX,Fq0vQz9G,ZtsttGIA
O5GdflJF,uux4UUPv,GlDY3vAa,KhffT8YC,GndENQRk,0FMORGLx
ohxVcw4M,OY5ryuuf,7dMdFlkf,joZ1RfOG,FJyDO7Yo,64HS4zkp
7xHzmPBL,7qnbncus,EXQ0XPIw,ik7UFS8n,4Mta72KN,ck3iPCuk
Mjx6tqf2,UocVETmG,sKxqEkAm,pQ34xz37,6olqYbhF,O61TVKuL
l9DFPgsV,a20sCGW8,oXjQAJ93,NzS3J66n,M7zbcgAt,tJ8uz14r
agCvmvhH,yrpbYIpo,zBFuEa1j,gscoeJLt,J5OWjYJP,P2y3NpSY
L4ACK2kV,U3B29UQe,IxpswheF,gQNd3iXa,HHMorAHs,jSyJbL5w
4SaTYFhT,Us2JEds9,Hhshe0Td,jhi64fie,ZRN2d8v8,bNHvzIsN
4764HoMb,82UAvBIQ,2ti2EnUY,BxkpfrhN,v8kP1CQX,99CfyXKD
XHCLZZkw,d4PzWb4D,RjS2o44S,sPQ9samW,9x86dJUj,GtHsJ5UU
l0RRRcHW,QSDAC0ec,3AsXQhT8,uDoX9y6R,NTFf6C1L,zRuJQ713
6G9L5WDl,1y0EfLbO,HdYWmbjY,GumGjBiK,MVkmvkK2,n6f3LP81
7tYVeuMM,C9CzM3ep,rXRuwyKg,FnM1jCme,60ry23db,h3jd0SRw
WfnFfUzb,poSY06Y8,UeChiap2,AKPKN2k8,cWrJQGQt,jr9xYr7a
mGzlouL4,pdQbHhUB,Xpfw1WoW,cK0d5x5k,FWjeqVfO,cg3j1ARS
10WRnabe,FziLld9c,uq4JN8m8,cuL4QqQy,klxuONwM,KqdQBMWf
rkJPDJgY,yIb5IDph,Mf1Tc7ni,ny99lZtE,jVVCnXQg,fMiGNhpx
TDWpdk1q,2hyvUecv,B1Epsr10,GDKeO87A,vOy0fnNW,d8StNXJV
Z77YtBOC,Mj4GbeEo,KgKmqAs2,JBoOvG3B,rSn1GPoG,He0WFfeB
GmJrnr3S,qlHVMnz8,4he9Cuhj,uaqjqFHT,0LhyRPtJ,dTv5h7tU
qlUgsgMa,wwXo2LfR,Fuw7lBLm,icbLSlMD,EJtMwtqo,7bpWzUmk
hPI7JHW6,jxziM6nM,fcpTpuku,Djz5TJie,ygPE2rRy,t9uTpSdv
eGzYFoCz,2ZwMcKQF,YU55nx2O,WYRIuKRN,fSpw2jQ5,uquClrcA
SDNP0I8j,fHZsUrBo,AYr1l60E,MeYCV54F,u7Oph3ce,dTZGTi5j
abM38UyA,LvMvDTSK,srbSfItu,VnkDs0ui,GF84j56Y,ftZCs8u0
LxhOMj1s,qp2NHsz7,GArZT8Dn,FWg1AFSA,gv3yNSDK,vO5Eiv1j
RbSfCkeo,3t3HPQDE,kV45oStx,N3xDj0rl,Qr6fOOCZ,XSstJz9a
j4J2Nhty,6wCXFAur,RNzfNW8q,FGgwh6gE,smQU9ShR,5lfQPJfk
YOLvsd4C,pOoiTbBr,92sqqq1f,RaC4oI99,zS0toDVs,9bMRSTlw
h4YJBw6R,0dqpCPeL,sf3USaiF,RnOqGpSv,r2Ph9FUE,IqnDSAXc
j4uJ3Fb3,n5jvj2et,hv0ceKW7,UPnZG7AM,7yh2e86x,i9oKrjSZ
1oP4zPjH,m1WHlJsv,RIV9YiGz,Yk3jDXbW,2hc6tD12,E8Ao6ZQH
RA1enB6h,Oj4NY4TS,7cnCHgmN,aZMHRGQc,eZfozEZ5,Zaus2DJw
zoVDRrkY,qvAAKsmA,YfyyAfMi,kcY7HJus,318kQmsA,LSUnpesJ
DOUvGqYF,51DQ8ka9,QSMVdFXw,o9rOjLjQ,1SERUyfJ,UuO6drmI
jldvfvMe,MwxHeCBk,mX4QSw74,M1IpDXzW,sTi3Czen,kpBbQTE2
OI2PnTjw,XMX1n4PC,XmNkdBuv,2H4jRNka,XfHtHgGH,2zN7mg0h
V4ALwtHq,pIqJuxK1,EmTAzOl1,exMJ2rco,pMFIvEcf,y8VPk42r
L3I90cFQ,WcndCFFd,5KJ9KCTU,tHKw74jM,gWi3Hqyx,qvCgKmuE
DRSCwwHq,45sABdKb,SQXhzQF8,m6BXOYf1,xjtR1BoN,uK8RVKpP
W7ncf8h9,wa7nTpgN,GHUPlhtO,5es2eyzu,w5I4pQ8W,Xz7ZGc4K
PyzIwMhd,nvY9n5jH,3JcHA3Dp,684SYcPI,SlwDdbrz,BeMN3Ls3
aJLtle1M,Zzy9PQBH,STEd7Mg2,aOXnmEk1,TUgDVX3z,93fRK0PW
2pFtiXPf,Tt9P5TpT,iL0zBE7D,tjnOZBLv,gs0RdunI,T3avWQKK
s4ojx12O,gZnX2CAk,fHNpbp3S,zK5b94W5,Rr0jSdLL,p61QofSX
BQDyolUE,g24yshZ2,yeJybOV5,epFicUXx,QfzktDym,h0JcbAO4
roxkrqB8,oIa3G89L,FJsc9t7o,PhFbV5DN,RdWb5dxh,JDsHBSmP
1siMv9DE,NYwLFMOG,onsVvEWx,QkumwNFd,MAw1Rlv1,8h5yQbJx
pnD8dFWP,lzfBc3rm,9FhlQ1Zy,GiC8wFhH,9Jt4tCof,4aiyZGtG
xn1XVjjr,RqPA42qC,KXJFuLz6,TEo8DgGA,Gb3C8U3N,L6rjCqt2
3YfsVJM1,HeED23yr,RQp1GK93,YAl0Vt2x,pcc4cwhw,t3DYBAl7
jDza678C,SNbdOeFA,f5uHURkE,jYKwXwUe,bgw6nnJZ,X9g1rUMh
R3WYIOSz,ONSuMU2e,IbrdCgGG,Y4mjt2cB,j2bnnLc9,Cf0cDZa5
Irl5nBQo,esxEdtNu,yNfLYvB2,OLCBxl3V,V6KV7SLN,U6HCaM8p
dt7Yu2r1,bA6oFySr,OsTk31Uq,AaRGhFVx,fZZ785Wo,MQeiT0zH
Pcf9AvuY,AFKaBe8p,pH1iqpTE,kgk1hDx3,thFRLJIj,tlDaSvXz
ARsGR8zM,rtfF9IIu,s2OuvLVl,xWDUm77D,wvqEqevn,lsgALbmj
QwxgIccp,2RnRz8nq,zeBcvSJW,eZN1o0Jy,itmEbcpo,OTVJfNMO
U5QD8jKe,ZEjblUg6,hWRGwiS7,U58VoYla,o2v6FCH8,p06Hk8KB
Y82qTewA,DW4X3mxL,dJEW7MEs,YNhogWyy,XNGgPGmS,64gYNrum
QKQQrAeb,rvoeGXl4,Xi2PmZn1,XJvSOuE5,vsi4zntQ,gydq4KZw
ZdvAqBAp,Zsl5L4wI,eKsSqMV1,NJVsBZdL,7H8WyZdc,OmbNbMXb
iKSoK4h5,UbXLuvJi,4YFDkv2D,NBVtvhou,KT0WuJDl,5IMu5Swc
pZcB23dd,xKE4DTJj,1rhwHZLF,Xv5mN8cr,yfBOxlAe,9Lw8HJ2L
